{"logTime": "0930/102057", "level": "INFO", "message": "UserPrefStore loaded: error=NO_FILE (6)"}
{"logTime": "0930/102057", "level": "INFO", "message": "Preference changed: name=edge_vpn.available, new_value=true, source=unknown"}
{"logTime": "0930/102057", "level": "INFO", "message": "Preference changed: name=profile_network_context_service.http_cache_finch_experiment_groups, new_value=\"None None None None\", source=unknown"}
{"logTime": "0930/102057", "level": "INFO", "message": "Preference changed: name=enterprise_profile_guid, new_value=\"0d78797c-29d9-41fe-9be8-7ec815720627\", source=unknown"}
{"logTime": "0930/102057", "level": "INFO", "message": "Preference changed: name=extensions.last_chrome_version, new_value=\"154.0.4258.37\", source=unknown"}
{"logTime": "0930/102057", "level": "INFO", "message": "Preference changed: name=gaia_cookie.periodic_report_time_2, new_value=\"13435237257870126\", source=unknown"}
{"logTime": "0930/102057", "level": "INFO", "message": "Preference changed: name=optimization_guide.previously_registered_optimization_types, new_value=[object], source=unknown"}
{"logTime": "0930/102057", "level": "INFO", "message": "Preference changed: name=user_experience_metrics.personalization_data_consent_enabled_last_known_value, new_value=false, source=unknown"}
{"logTime": "0930/102057", "level": "INFO", "message": "Preference changed: name=profile.background_password_check, new_value=[object], source=unknown"}
{"logTime": "0930/102057", "level": "INFO", "message": "Preference changed: name=extensions.chrome_url_overrides, new_value=[object], source=unknown"}
{"logTime": "0930/102057", "level": "INFO", "message": "Preference changed: name=browser.recent_theme_color_list, new_value=[object], source=unknown"}
{"logTime": "0930/102057", "level": "INFO", "message": "Preference changed: name=browser.mai_ds_default_theme_type, new_value=1, source=unknown"}
{"logTime": "0930/102057", "level": "INFO", "message": "Preference changed: name=browser.color_theme_user_on_first_check, new_value=false, source=unknown"}
{"logTime": "0930/102057", "level": "INFO", "message": "Preference changed: name=browser.has_used_default_theme, new_value=true, source=unknown"}
{"logTime": "0930/102057", "level": "INFO", "message": "Preference changed: name=omnibox.work_organization_name.name, new_value=\"\", source=unknown"}
{"logTime": "0930/102057", "level": "INFO", "message": "Preference changed: name=countryid_at_install, new_value=17230, source=unknown"}
{"logTime": "0930/102057", "level": "INFO", "message": "Preference changed: name=reset_prepopulated_engines, new_value=false, source=unknown"}
{"logTime": "0930/102057", "level": "INFO", "message": "Preference changed: name=sessions.session_data_status, new_value=1, source=unknown"}
{"logTime": "0930/102057", "level": "INFO", "message": "Preference changed: name=sessions.event_log, new_value=[object], source=unknown"}
{"logTime": "0930/102057", "level": "INFO", "message": "Preference changed: name=optimization_guide.previously_registered_optimization_types, new_value=[object], source=unknown"}
{"logTime": "0930/102057", "level": "INFO", "message": "Preference changed: name=optimization_guide.previously_registered_optimization_types, new_value=[object], source=unknown"}
{"logTime": "0930/102057", "level": "INFO", "message": "Preference changed: name=optimization_guide.previously_registered_optimization_types, new_value=[object], source=unknown"}
{"logTime": "0930/102057", "level": "INFO", "message": "Preference changed: name=custom_links.list, new_value=[object], source=unknown"}
{"logTime": "0930/102057", "level": "INFO", "message": "Preference changed: name=browser.edge_sidebar_visibility, new_value=[object], source=unknown"}
{"logTime": "0930/102057", "level": "INFO", "message": "Preference changed: name=browser.edge_sidebar_visibility, new_value=[object], source=unknown"}
{"logTime": "0930/102057", "level": "INFO", "message": "Preference changed: name=saved_tab_groups.did_enable_shared_tab_groups_in_last_session, new_value=false, source=unknown"}
{"logTime": "0930/102057", "level": "INFO", "message": "Preference changed: name=optimization_guide.previously_registered_optimization_types, new_value=[object], source=unknown"}
{"logTime": "0930/102057", "level": "INFO", "message": "Preference changed: name=spellcheck.dictionaries, new_value=[object], source=unknown"}
{"logTime": "0930/102057", "level": "INFO", "message": "Preference changed: name=spellcheck.dictionary, new_value=\"\", source=unknown"}
{"logTime": "0930/102057", "level": "INFO", "message": "Preference changed: name=sync.edge_account_type, new_value=0, source=unknown"}
{"logTime": "0930/102057", "level": "INFO", "message": "Preference changed: name=sync.encryption_bootstrap_token_per_account_migration_done, new_value=true, source=unknown"}
{"logTime": "0930/102057", "level": "INFO", "message": "Preference changed: name=optimization_guide.previously_registered_optimization_types, new_value=[object], source=unknown"}
{"logTime": "0930/102057", "level": "INFO", "message": "Preference changed: name=safety_hub.unused_site_permissions_revocation.migration_completed, new_value=true, source=unknown"}
{"logTime": "0930/102057", "level": "INFO", "message": "Preference changed: name=edge_pinning_campaign.precomputed_campaign_data, new_value=[object], source=unknown"}
{"logTime": "0930/102057", "level": "INFO", "message": "Preference changed: name=profile.created_by_version, new_value=\"154.0.4258.37\", source=unknown"}
{"logTime": "0930/102057", "level": "INFO", "message": "Preference changed: name=profile.creation_time, new_value=\"13435237257785992\", source=unknown"}
{"logTime": "0930/102057", "level": "INFO", "message": "Preference changed: name=profile.edge_profile_id, new_value=\"21df1267-b238-4a48-8a51-3e394d35d31d\", source=unknown"}
{"logTime": "0930/102057", "level": "INFO", "message": "Preference changed: name=spellcheck.dictionaries, new_value=[object], source=unknown"}
{"logTime": "0930/102057", "level": "INFO", "message": "Preference changed: name=browser.editor_proofing_languages, new_value=[object], source=unknown"}
{"logTime": "0930/102057", "level": "INFO", "message": "Preference changed: name=family_safety.web_filtering_enabled, new_value=false, source=unknown"}
{"logTime": "0930/102057", "level": "INFO", "message": "Preference changed: name=family_safety.activity_reporting_enabled, new_value=false, source=unknown"}
{"logTime": "0930/102057", "level": "INFO", "message": "Preference changed: name=profile.network_pbs, new_value=[object], source=unknown"}
{"logTime": "0930/102057", "level": "INFO", "message": "Preference changed: name=privacy_sandbox.first_party_sets_data_access_allowed_initialized, new_value=true, source=unknown"}
{"logTime": "0930/102057", "level": "INFO", "message": "Preference changed: name=default_apps_install_state, new_value=2, source=unknown"}
{"logTime": "0930/102057", "level": "INFO", "message": "Preference changed: name=extensions.alerts.initialized, new_value=true, source=unknown"}
{"logTime": "0930/102057", "level": "INFO", "message": "Preference changed: name=extensions.pdf_upsell_triggered, new_value=false, source=unknown"}
{"logTime": "0930/102057", "level": "INFO", "message": "Preference changed: name=extensions.settings, new_value=[object], source=unknown"}
{"logTime": "0930/102057", "level": "INFO", "message": "Preference changed: name=extensions.settings, new_value=[object], source=unknown"}
{"logTime": "0930/102057", "level": "INFO", "message": "Preference changed: name=extensions.settings, new_value=[object], source=unknown"}
{"logTime": "0930/102057", "level": "INFO", "message": "Preference changed: name=extensions.settings, new_value=[object], source=unknown"}
{"logTime": "0930/102057", "level": "INFO", "message": "Preference changed: name=extensions.settings, new_value=[object], source=unknown"}
{"logTime": "0930/102057", "level": "INFO", "message": "Preference changed: name=extensions.settings, new_value=[object], source=unknown"}
{"logTime": "0930/102057", "level": "INFO", "message": "Preference changed: name=extensions.settings, new_value=[object], source=unknown"}
{"logTime": "0930/102057", "level": "INFO", "message": "Preference changed: name=extensions.settings, new_value=[object], source=unknown"}
{"logTime": "0930/102057", "level": "INFO", "message": "Preference changed: name=extensions.settings, new_value=[object], source=unknown"}
{"logTime": "0930/102057", "level": "INFO", "message": "Preference changed: name=extensions.settings, new_value=[object], source=unknown"}
{"logTime": "0930/102057", "level": "INFO", "message": "Preference changed: name=extensions.settings, new_value=[object], source=unknown"}
{"logTime": "0930/102057", "level": "INFO", "message": "Preference changed: name=extensions.settings, new_value=[object], source=unknown"}
{"logTime": "0930/102057", "level": "INFO", "message": "Preference changed: name=extensions.settings, new_value=[object], source=unknown"}
{"logTime": "0930/102057", "level": "INFO", "message": "Preference changed: name=extensions.settings, new_value=[object], source=unknown"}
{"logTime": "0930/102057", "level": "INFO", "message": "Preference changed: name=extensions.settings, new_value=[object], source=unknown"}
{"logTime": "0930/102057", "level": "INFO", "message": "Preference changed: name=extensions.settings, new_value=[object], source=unknown"}
{"logTime": "0930/102057", "level": "INFO", "message": "Preference changed: name=extensions.settings, new_value=[object], source=unknown"}
{"logTime": "0930/102057", "level": "INFO", "message": "Preference changed: name=extensions.settings, new_value=[object], source=unknown"}
{"logTime": "0930/102057", "level": "INFO", "message": "Preference changed: name=extensions.settings, new_value=[object], source=unknown"}
{"logTime": "0930/102057", "level": "INFO", "message": "Preference changed: name=extensions.settings, new_value=[object], source=unknown"}
{"logTime": "0930/102057", "level": "INFO", "message": "Preference changed: name=extensions.settings, new_value=[object], source=unknown"}
{"logTime": "0930/102057", "level": "INFO", "message": "Preference changed: name=extensions.settings, new_value=[object], source=unknown"}
{"logTime": "0930/102057", "level": "INFO", "message": "Preference changed: name=extensions.settings, new_value=[object], source=unknown"}
{"logTime": "0930/102057", "level": "INFO", "message": "Preference changed: name=extensions.settings, new_value=[object], source=unknown"}
{"logTime": "0930/102057", "level": "INFO", "message": "Preference changed: name=extensions.settings, new_value=[object], source=unknown"}
{"logTime": "0930/102057", "level": "INFO", "message": "Preference changed: name=extensions.settings, new_value=[object], source=unknown"}
{"logTime": "0930/102057", "level": "INFO", "message": "Preference changed: name=extensions.settings, new_value=[object], source=unknown"}
{"logTime": "0930/102057", "level": "INFO", "message": "Preference changed: name=extensions.settings, new_value=[object], source=unknown"}
{"logTime": "0930/102057", "level": "INFO", "message": "Preference changed: name=extensions.settings, new_value=[object], source=unknown"}
{"logTime": "0930/102057", "level": "INFO", "message": "Preference changed: name=extensions.settings, new_value=[object], source=unknown"}
{"logTime": "0930/102057", "level": "INFO", "message": "Preference changed: name=extensions.settings, new_value=[object], source=unknown"}
{"logTime": "0930/102057", "level": "INFO", "message": "Preference changed: name=extensions.settings, new_value=[object], source=unknown"}
{"logTime": "0930/102057", "level": "INFO", "message": "Preference changed: name=extensions.settings, new_value=[object], source=unknown"}
{"logTime": "0930/102057", "level": "INFO", "message": "Preference changed: name=extensions.settings, new_value=[object], source=unknown"}
{"logTime": "0930/102057", "level": "INFO", "message": "Preference changed: name=extensions.settings, new_value=[object], source=unknown"}
{"logTime": "0930/102057", "level": "INFO", "message": "Preference changed: name=extensions.settings, new_value=[object], source=unknown"}
{"logTime": "0930/102057", "level": "INFO", "message": "Preference changed: name=extensions.settings, new_value=[object], source=unknown"}
{"logTime": "0930/102057", "level": "INFO", "message": "Preference changed: name=extensions.settings, new_value=[object], source=unknown"}
{"logTime": "0930/102057", "level": "INFO", "message": "Preference changed: name=extensions.settings, new_value=[object], source=unknown"}
{"logTime": "0930/102057", "level": "INFO", "message": "Preference changed: name=extensions.settings, new_value=[object], source=unknown"}
{"logTime": "0930/102057", "level": "INFO", "message": "Preference changed: name=extensions.settings, new_value=[object], source=unknown"}
{"logTime": "0930/102057", "level": "INFO", "message": "Preference changed: name=extensions.settings, new_value=[object], source=unknown"}
{"logTime": "0930/102057", "level": "INFO", "message": "Preference changed: name=extensions.settings, new_value=[object], source=unknown"}
{"logTime": "0930/102057", "level": "INFO", "message": "Preference changed: name=extensions.settings, new_value=[object], source=unknown"}
{"logTime": "0930/102057", "level": "INFO", "message": "Preference changed: name=extensions.settings, new_value=[object], source=unknown"}
{"logTime": "0930/102057", "level": "INFO", "message": "Preference changed: name=extensions.settings, new_value=[object], source=unknown"}
{"logTime": "0930/102057", "level": "INFO", "message": "Preference changed: name=extensions.settings, new_value=[object], source=unknown"}
{"logTime": "0930/102057", "level": "INFO", "message": "Preference changed: name=extensions.settings, new_value=[object], source=unknown"}
{"logTime": "0930/102057", "level": "INFO", "message": "Preference changed: name=extensions.settings, new_value=[object], source=unknown"}
{"logTime": "0930/102057", "level": "INFO", "message": "Preference changed: name=extensions.settings, new_value=[object], source=unknown"}
{"logTime": "0930/102057", "level": "INFO", "message": "Preference changed: name=extensions.settings, new_value=[object], source=unknown"}
{"logTime": "0930/102057", "level": "INFO", "message": "Preference changed: name=extensions.settings, new_value=[object], source=unknown"}
{"logTime": "0930/102057", "level": "INFO", "message": "Preference changed: name=extensions.settings, new_value=[object], source=unknown"}
{"logTime": "0930/102057", "level": "INFO", "message": "Preference changed: name=extensions.settings, new_value=[object], source=unknown"}
{"logTime": "0930/102057", "level": "INFO", "message": "Preference changed: name=extensions.settings, new_value=[object], source=unknown"}
{"logTime": "0930/102057", "level": "INFO", "message": "Preference changed: name=extensions.settings, new_value=[object], source=unknown"}
{"logTime": "0930/102057", "level": "INFO", "message": "Preference changed: name=extensions.settings, new_value=[object], source=unknown"}
{"logTime": "0930/102057", "level": "INFO", "message": "Preference changed: name=extensions.settings, new_value=[object], source=unknown"}
{"logTime": "0930/102057", "level": "INFO", "message": "Preference changed: name=extensions.settings, new_value=[object], source=unknown"}
{"logTime": "0930/102057", "level": "INFO", "message": "Preference changed: name=extensions.settings, new_value=[object], source=unknown"}
{"logTime": "0930/102057", "level": "INFO", "message": "Preference changed: name=extensions.settings, new_value=[object], source=unknown"}
{"logTime": "0930/102057", "level": "INFO", "message": "Preference changed: name=extensions.settings, new_value=[object], source=unknown"}
{"logTime": "0930/102057", "level": "INFO", "message": "Preference changed: name=extensions.settings, new_value=[object], source=unknown"}
{"logTime": "0930/102057", "level": "INFO", "message": "Preference changed: name=extensions.settings, new_value=[object], source=unknown"}
{"logTime": "0930/102057", "level": "INFO", "message": "Preference changed: name=extensions.settings, new_value=[object], source=unknown"}
{"logTime": "0930/102057", "level": "INFO", "message": "Preference changed: name=extensions.settings, new_value=[object], source=unknown"}
{"logTime": "0930/102057", "level": "INFO", "message": "Preference changed: name=extensions.settings, new_value=[object], source=unknown"}
{"logTime": "0930/102057", "level": "INFO", "message": "Preference changed: name=extensions.settings, new_value=[object], source=unknown"}
{"logTime": "0930/102057", "level": "INFO", "message": "Preference changed: name=extensions.settings, new_value=[object], source=unknown"}
{"logTime": "0930/102057", "level": "INFO", "message": "Preference changed: name=extensions.settings, new_value=[object], source=unknown"}
{"logTime": "0930/102057", "level": "INFO", "message": "Preference changed: name=extensions.settings, new_value=[object], source=unknown"}
{"logTime": "0930/102057", "level": "INFO", "message": "Preference changed: name=extensions.settings, new_value=[object], source=unknown"}
{"logTime": "0930/102057", "level": "INFO", "message": "Preference changed: name=extensions.settings, new_value=[object], source=unknown"}
{"logTime": "0930/102057", "level": "INFO", "message": "Preference changed: name=extensions.settings, new_value=[object], source=unknown"}
{"logTime": "0930/102057", "level": "INFO", "message": "Preference changed: name=extensions.settings, new_value=[object], source=unknown"}
{"logTime": "0930/102057", "level": "INFO", "message": "Preference changed: name=extensions.settings, new_value=[object], source=unknown"}
{"logTime": "0930/102057", "level": "INFO", "message": "Preference changed: name=extensions.settings, new_value=[object], source=unknown"}
{"logTime": "0930/102057", "level": "INFO", "message": "Preference changed: name=extensions.settings, new_value=[object], source=unknown"}
{"logTime": "0930/102057", "level": "INFO", "message": "Preference changed: name=extensions.settings, new_value=[object], source=unknown"}
{"logTime": "0930/102057", "level": "INFO", "message": "Preference changed: name=extensions.settings, new_value=[object], source=unknown"}
{"logTime": "0930/102057", "level": "INFO", "message": "Preference changed: name=extensions.settings, new_value=[object], source=unknown"}
{"logTime": "0930/102057", "level": "INFO", "message": "Preference changed: name=extensions.settings, new_value=[object], source=unknown"}
{"logTime": "0930/102057", "level": "INFO", "message": "Preference changed: name=extensions.settings, new_value=[object], source=unknown"}
{"logTime": "0930/102057", "level": "INFO", "message": "Preference changed: name=extensions.settings, new_value=[object], source=unknown"}
{"logTime": "0930/102057", "level": "INFO", "message": "Preference changed: name=extensions.settings, new_value=[object], source=unknown"}
{"logTime": "0930/102057", "level": "INFO", "message": "Preference changed: name=extensions.settings, new_value=[object], source=unknown"}
{"logTime": "0930/102057", "level": "INFO", "message": "Preference changed: name=extensions.settings, new_value=[object], source=unknown"}
{"logTime": "0930/102057", "level": "INFO", "message": "Preference changed: name=extensions.settings, new_value=[object], source=unknown"}
{"logTime": "0930/102057", "level": "INFO", "message": "Preference changed: name=extensions.settings, new_value=[object], source=unknown"}
{"logTime": "0930/102057", "level": "INFO", "message": "Preference changed: name=extensions.settings, new_value=[object], source=unknown"}
{"logTime": "0930/102057", "level": "INFO", "message": "Preference changed: name=extensions.settings, new_value=[object], source=unknown"}
{"logTime": "0930/102057", "level": "INFO", "message": "Preference changed: name=extensions.settings, new_value=[object], source=unknown"}
{"logTime": "0930/102057", "level": "INFO", "message": "Preference changed: name=extensions.settings, new_value=[object], source=unknown"}
{"logTime": "0930/102057", "level": "INFO", "message": "Preference changed: name=extension.installed_extension_count, new_value=9, source=unknown"}
{"logTime": "0930/102057", "level": "INFO", "message": "Preference changed: name=profile.password_hash_data_list, new_value=[object], source=unknown"}
{"logTime": "0930/102057", "level": "INFO", "message": "Preference changed: name=continuous_migration.equal_opt_out_users_data.backfilled, new_value=true, source=unknown"}
{"logTime": "0930/102057", "level": "INFO", "message": "Preference changed: name=edge.profile_sso_info.is_first_profile, new_value=true, source=unknown"}
{"logTime": "0930/102057", "level": "INFO", "message": "Preference changed: name=edge.profile_sso_info.aad_sso_algo_state, new_value=1, source=unknown"}
{"logTime": "0930/102057", "level": "INFO", "message": "Preference changed: name=edge.msa_sso_info.allow_for_non_msa_profile, new_value=true, source=unknown"}
{"logTime": "0930/102057", "level": "INFO", "message": "Preference changed: name=edge.profile_sso_info.is_msa_first_profile, new_value=true, source=unknown"}
{"logTime": "0930/102057", "level": "INFO", "message": "Preference changed: name=edge.profile_sso_info.msa_sso_algo_state, new_value=1, source=unknown"}
{"logTime": "0930/102057", "level": "INFO", "message": "Preference changed: name=extensions.install.initialprovidername, new_value=\"\", source=unknown"}
{"logTime": "0930/102057", "level": "INFO", "message": "Preference changed: name=extensions.install.initiallist, new_value=[object], source=unknown"}
{"logTime": "0930/102057", "level": "INFO", "message": "Preference changed: name=browser.available_dark_theme_options, new_value=\"All\", source=unknown"}
{"logTime": "0930/102057", "level": "INFO", "message": "Preference changed: name=browser.show_toolbar_workspaces_button, new_value=false, source=unknown"}
{"logTime": "0930/102058", "level": "INFO", "message": "Preference changed: name=browser.show_downloads_hub_pinned, new_value=false, source=unknown"}
{"logTime": "0930/102058", "level": "INFO", "message": "Preference changed: name=toolbar.pinned_chrome_labs_migration_complete, new_value=true, source=unknown"}
{"logTime": "0930/102058", "level": "INFO", "message": "Preference changed: name=toolbar.pinned_cast_migration_complete, new_value=true, source=unknown"}
{"logTime": "0930/102058", "level": "INFO", "message": "Preference changed: name=browser.show_toolbar_edge_generic_sidebar_button, new_value=false, source=unknown"}
{"logTime": "0930/102058", "level": "INFO", "message": "Preference changed: name=in_product_help.session_start_time, new_value=\"13435237258094697\", source=unknown"}
{"logTime": "0930/102058", "level": "INFO", "message": "Preference changed: name=in_product_help.session_number, new_value=2, source=unknown"}
{"logTime": "0930/102058", "level": "INFO", "message": "Preference changed: name=in_product_help.session_last_active_time, new_value=\"13435237258094697\", source=unknown"}
{"logTime": "0930/102058", "level": "INFO", "message": "Preference changed: name=in_product_help.recent_session_enabled_time, new_value=\"13435237258094697\", source=unknown"}
{"logTime": "0930/102058", "level": "INFO", "message": "Preference changed: name=in_product_help.recent_session_start_times, new_value=[object], source=unknown"}
{"logTime": "0930/102058", "level": "INFO", "message": "Preference changed: name=media_router.receiver_id_hash_token, new_value=\"nXNU5qvmU1P2fKBNhagEXyV1p2mtnhMXAUIG4Y6R6Byl6TRm1+mdroM/MxKV2JAFPGHupLQgT8UaJ2UkNHsmbA==\", source=unknown"}
{"logTime": "0930/102058", "level": "INFO", "message": "Preference changed: name=ntp.dhp_last_creation_time, new_value=\"13435237258107802\", source=unknown"}
{"logTime": "0930/102058", "level": "INFO", "message": "Preference changed: name=media.engagement.schema_version, new_value=5, source=unknown"}
{"logTime": "0930/102058", "level": "INFO", "message": "Preference changed: name=intl.selected_languages, new_value=\"zh-CN,en,en-GB,en-US\", source=unknown"}
{"logTime": "0930/102058", "level": "INFO", "message": "Preference changed: name=edge_rewards.cache_data, new_value=\"CAA=\", source=unknown"}
{"logTime": "0930/102058", "level": "INFO", "message": "Preference changed: name=edge_rewards.refresh_status_muted_until, new_value=\"13435842058121962\", source=unknown"}
{"logTime": "0930/102058", "level": "INFO", "message": "Preference changed: name=optimization_guide.previously_registered_optimization_types, new_value=[object], source=unknown"}
{"logTime": "0930/102058", "level": "INFO", "message": "Preference changed: name=profile.content_settings.exceptions.storage_access_header_origin_trial, new_value=[object], source=unknown"}
{"logTime": "0930/102058", "level": "INFO", "message": "Preference changed: name=edge_wallet.trigger_funnel.records, new_value=[object], source=unknown"}
{"logTime": "0930/102058", "level": "INFO", "message": "Preference changed: name=shopping.dma_telemetry_expiration_time, new_value=\"13435323658177894\", source=unknown"}
{"logTime": "0930/102058", "level": "INFO", "message": "Preference changed: name=shopping.contextual_features_enabled, new_value=true, source=unknown"}
{"logTime": "0930/102058", "level": "INFO", "message": "Preference changed: name=profile.has_seen_signin_fre, new_value=true, source=unknown"}
{"logTime": "0930/102058", "level": "INFO", "message": "Preference changed: name=profile.signin_fre_seen_time, new_value=\"13435237258277091\", source=unknown"}
{"logTime": "0930/102058", "level": "INFO", "message": "Preference changed: name=browser.window_placement, new_value=[object], source=unknown"}
{"logTime": "0930/102058", "level": "INFO", "message": "Preference changed: name=sync.keep_everything_synced, new_value=false, source=unknown"}
{"logTime": "0930/102058", "level": "INFO", "message": "Preference changed: name=sync.bookmarks, new_value=true, source=unknown"}
{"logTime": "0930/102058", "level": "INFO", "message": "Preference changed: name=sync.preferences, new_value=true, source=unknown"}
{"logTime": "0930/102058", "level": "INFO", "message": "Preference changed: name=sync.passwords, new_value=true, source=unknown"}
{"logTime": "0930/102058", "level": "INFO", "message": "Preference changed: name=sync.autofill, new_value=true, source=unknown"}
{"logTime": "0930/102058", "level": "INFO", "message": "Preference changed: name=sync.typed_urls, new_value=true, source=unknown"}
{"logTime": "0930/102058", "level": "INFO", "message": "Preference changed: name=sync.extensions, new_value=true, source=unknown"}
{"logTime": "0930/102058", "level": "INFO", "message": "Preference changed: name=sync.apps, new_value=true, source=unknown"}
{"logTime": "0930/102058", "level": "INFO", "message": "Preference changed: name=sync.tabs, new_value=true, source=unknown"}
{"logTime": "0930/102058", "level": "INFO", "message": "Preference changed: name=sync.edge_workspaces, new_value=true, source=unknown"}
{"logTime": "0930/102058", "level": "INFO", "message": "Preference changed: name=sync.collections_edge_re_evaluated, new_value=true, source=unknown"}
{"logTime": "0930/102058", "level": "INFO", "message": "Preference changed: name=sync.history_edge_supported, new_value=true, source=unknown"}
{"logTime": "0930/102058", "level": "INFO", "message": "Preference changed: name=sync.extensions_edge_supported, new_value=true, source=unknown"}
{"logTime": "0930/102058", "level": "INFO", "message": "Preference changed: name=sync.tabs_edge_supported, new_value=true, source=unknown"}
{"logTime": "0930/102058", "level": "INFO", "message": "Preference changed: name=sync.edge_workspaces_edge_supported, new_value=true, source=unknown"}
{"logTime": "0930/102058", "level": "INFO", "message": "Preference changed: name=schedule_to_flush_to_disk, new_value=\"13435237258343402\", source=unknown"}
{"logTime": "0930/102058", "level": "INFO", "message": "Preference changed: name=schedule_to_flush_to_disk, new_value=\"13435237258344120\", source=unknown"}
{"logTime": "0930/102058", "level": "INFO", "message": "Preference changed: name=muid.last_sync, new_value=\"13435237258344420\", source=unknown"}
{"logTime": "0930/102058", "level": "INFO", "message": "Preference changed: name=commerce_daily_metrics_last_update_time, new_value=\"13435237258346937\", source=unknown"}
{"logTime": "0930/102058", "level": "INFO", "message": "Preference changed: name=bookmark.storage_computation_last_update, new_value=\"13435237258347179\", source=unknown"}
{"logTime": "0930/102058", "level": "INFO", "message": "Preference changed: name=extensions.settings, new_value=[object], source=unknown"}
{"logTime": "0930/102058", "level": "INFO", "message": "Preference changed: name=extensions.settings, new_value=[object], source=unknown"}
{"logTime": "0930/102058", "level": "INFO", "message": "Preference changed: name=extensions.settings, new_value=[object], source=unknown"}
{"logTime": "0930/102058", "level": "INFO", "message": "Preference changed: name=extensions.settings, new_value=[object], source=unknown"}
{"logTime": "0930/102058", "level": "INFO", "message": "Preference changed: name=extensions.settings, new_value=[object], source=unknown"}
{"logTime": "0930/102058", "level": "INFO", "message": "Preference changed: name=extensions.settings, new_value=[object], source=unknown"}
{"logTime": "0930/102058", "level": "INFO", "message": "Preference changed: name=extensions.settings, new_value=[object], source=unknown"}
{"logTime": "0930/102058", "level": "INFO", "message": "Preference changed: name=extensions.settings, new_value=[object], source=unknown"}
{"logTime": "0930/102058", "level": "INFO", "message": "Preference changed: name=extensions.settings, new_value=[object], source=unknown"}
{"logTime": "0930/102058", "level": "INFO", "message": "Preference changed: name=extensions.settings, new_value=[object], source=unknown"}
{"logTime": "0930/102058", "level": "INFO", "message": "Preference changed: name=extensions.settings, new_value=[object], source=unknown"}
{"logTime": "0930/102058", "level": "INFO", "message": "Preference changed: name=extensions.settings, new_value=[object], source=unknown"}
{"logTime": "0930/102058", "level": "INFO", "message": "Preference changed: name=extensions.settings, new_value=[object], source=unknown"}
{"logTime": "0930/102058", "level": "INFO", "message": "Preference changed: name=extensions.settings, new_value=[object], source=unknown"}
{"logTime": "0930/102058", "level": "INFO", "message": "Preference changed: name=extensions.settings, new_value=[object], source=unknown"}
{"logTime": "0930/102058", "level": "INFO", "message": "Preference changed: name=extensions.settings, new_value=[object], source=unknown"}
{"logTime": "0930/102058", "level": "INFO", "message": "Preference changed: name=extensions.settings, new_value=[object], source=unknown"}
{"logTime": "0930/102058", "level": "INFO", "message": "Preference changed: name=extensions.settings, new_value=[object], source=unknown"}
{"logTime": "0930/102058", "level": "INFO", "message": "Preference changed: name=extensions.chrome_url_overrides, new_value=[object], source=unknown"}
{"logTime": "0930/102058", "level": "INFO", "message": "Preference changed: name=extensions.pinned_extensions, new_value=[object], source=unknown"}
{"logTime": "0930/102058", "level": "INFO", "message": "Preference changed: name=extensions.pinned_extension_migration, new_value=true, source=unknown"}
{"logTime": "0930/102058", "level": "INFO", "message": "Preference changed: name=ntp.num_personal_suggestions, new_value=1, source=unknown"}
{"logTime": "0930/102058", "level": "INFO", "message": "Preference changed: name=edge.services.signin_scoped_device_id, new_value=\"3148c425-80d0-4f02-add3-47079be8848f\", source=unknown"}
{"logTime": "0930/102058", "level": "INFO", "message": "Preference changed: name=account_tracker_service_last_update, new_value=\"13435237258462295\", source=unknown"}
{"logTime": "0930/102058", "level": "INFO", "message": "Preference changed: name=autofill.ai_last_version_deduped, new_value=154, source=unknown"}
{"logTime": "0930/102058", "level": "INFO", "message": "Preference changed: name=autofill.last_version_deduped, new_value=154, source=unknown"}
{"logTime": "0930/102058", "level": "INFO", "message": "Preference changed: name=autofill.edge_autofill_purge_low_quality_profiles_by_timeline, new_value=false, source=unknown"}
{"logTime": "0930/102058", "level": "INFO", "message": "Preference changed: name=optimization_guide.previously_registered_optimization_types, new_value=[object], source=unknown"}
{"logTime": "0930/102058", "level": "INFO", "message": "Preference changed: name=dual_engine.profile_id, new_value=\"WOY8Y6J6\", source=unknown"}
{"logTime": "0930/102058", "level": "INFO", "message": "Preference changed: name=autocomplete.retention_policy_last_version, new_value=154, source=unknown"}
{"logTime": "0930/102058", "level": "INFO", "message": "Preference changed: name=typosquatting.allowlist_migration_done, new_value=true, source=unknown"}
{"logTime": "0930/102058", "level": "INFO", "message": "Preference changed: name=shopping.rdx_mode_enabled, new_value=false, source=unknown"}
{"logTime": "0930/102058", "level": "INFO", "message": "Preference changed: name=shopping.rdx_mode_cached, new_value=true, source=unknown"}
{"logTime": "0930/102058", "level": "INFO", "message": "Preference changed: name=profile.edge_user_with_non_zero_passwords, new_value=false, source=unknown"}
{"logTime": "0930/102058", "level": "INFO", "message": "Preference changed: name=profile.edge_password_is_using_new_login_db_path, new_value=false, source=unknown"}
{"logTime": "0930/102058", "level": "INFO", "message": "Preference changed: name=profile.edge_password_login_db_path_flip_flop_count, new_value=0, source=unknown"}
{"logTime": "0930/102058", "level": "INFO", "message": "Preference changed: name=spawn_ntp.opt_out.notification_shown, new_value=false, source=unknown"}
{"logTime": "0930/102058", "level": "INFO", "message": "Preference changed: name=spawn_ntp.opt_out.keep_clicked, new_value=false, source=unknown"}
{"logTime": "0930/102058", "level": "INFO", "message": "Preference changed: name=spawn_ntp.opt_out.history_backfill_completed, new_value=true, source=unknown"}
{"logTime": "0930/102058", "level": "INFO", "message": "Preference changed: name=nurturing.recommended_settings_variants, new_value=-1, source=unknown"}
{"logTime": "0930/102058", "level": "INFO", "message": "Preference changed: name=web_apps.link_handling_info.enabled_for_installed_apps, new_value=true, source=unknown"}
{"logTime": "0930/102058", "level": "INFO", "message": "Preference changed: name=apps.shortcuts_version, new_value=1, source=unknown"}
{"logTime": "0930/102058", "level": "INFO", "message": "Preference changed: name=apps.shortcuts_arch, new_value=\"\", source=unknown"}
{"logTime": "0930/102058", "level": "INFO", "message": "Preference changed: name=apps.shortcuts_os_version, new_value=\"\", source=unknown"}
{"logTime": "0930/102058", "level": "INFO", "message": "Preference changed: name=saved_tab_groups.specifics_to_data_migration, new_value=true, source=unknown"}
{"logTime": "0930/102058", "level": "INFO", "message": "Preference changed: name=browser.underside_chat_bing_signed_in_status, new_value=false, source=unknown"}
{"logTime": "0930/102058", "level": "INFO", "message": "Preference changed: name=muid.values_seen, new_value=[object], source=unknown"}
{"logTime": "0930/102058", "level": "INFO", "message": "Preference changed: name=extensions.settings, new_value=[object], source=unknown"}
{"logTime": "0930/102058", "level": "INFO", "message": "Preference changed: name=extensions.settings, new_value=[object], source=unknown"}
{"logTime": "0930/102058", "level": "INFO", "message": "Preference changed: name=extensions.settings, new_value=[object], source=unknown"}
{"logTime": "0930/102058", "level": "INFO", "message": "Preference changed: name=profile.content_settings.exceptions.client_hints, new_value=[object], source=unknown"}
{"logTime": "0930/102058", "level": "INFO", "message": "Preference changed: name=profile.content_settings.exceptions.site_engagement, new_value=[object], source=unknown"}
{"logTime": "0930/102058", "level": "INFO", "message": "Preference changed: name=profile.last_engagement_time, new_value=\"13435237258970945\", source=unknown"}
{"logTime": "0930/102058", "level": "INFO", "message": "Preference changed: name=fsd.retention_policy_last_version, new_value=154, source=unknown"}
{"logTime": "0930/102059", "level": "INFO", "message": "Preference changed: name=browser.window_placement, new_value=[object], source=unknown"}
{"logTime": "0930/102059", "level": "INFO", "message": "Preference changed: name=extensions.settings, new_value=[object], source=unknown"}
{"logTime": "0930/102059", "level": "INFO", "message": "Preference changed: name=extensions.settings, new_value=[object], source=unknown"}
{"logTime": "0930/102059", "level": "INFO", "message": "Preference changed: name=extensions.settings, new_value=[object], source=unknown"}
{"logTime": "0930/102059", "level": "INFO", "message": "Preference changed: name=extensions.settings, new_value=[object], source=unknown"}
{"logTime": "0930/102059", "level": "INFO", "message": "Preference changed: name=extensions.settings, new_value=[object], source=unknown"}
{"logTime": "0930/102059", "level": "INFO", "message": "Preference changed: name=extensions.settings, new_value=[object], source=unknown"}
{"logTime": "0930/102059", "level": "INFO", "message": "Preference changed: name=extensions.settings, new_value=[object], source=unknown"}
{"logTime": "0930/102059", "level": "INFO", "message": "Preference changed: name=extensions.settings, new_value=[object], source=unknown"}
{"logTime": "0930/102059", "level": "INFO", "message": "Preference changed: name=extensions.settings, new_value=[object], source=unknown"}
{"logTime": "0930/102059", "level": "INFO", "message": "Preference changed: name=extensions.settings, new_value=[object], source=unknown"}
{"logTime": "0930/102059", "level": "INFO", "message": "Preference changed: name=extensions.settings, new_value=[object], source=unknown"}
{"logTime": "0930/102059", "level": "INFO", "message": "Preference changed: name=extensions.settings, new_value=[object], source=unknown"}
{"logTime": "0930/102059", "level": "INFO", "message": "Preference changed: name=extensions.settings, new_value=[object], source=unknown"}
{"logTime": "0930/102100", "level": "INFO", "message": "Preference changed: name=import_items_failure_state.reimport.ie_react, new_value=62432, source=unknown"}
{"logTime": "0930/102100", "level": "INFO", "message": "Preference changed: name=extensions.settings, new_value=[object], source=unknown"}
{"logTime": "0930/102100", "level": "INFO", "message": "Preference changed: name=extensions.settings, new_value=[object], source=unknown"}
{"logTime": "0930/102100", "level": "INFO", "message": "Preference changed: name=extensions.settings, new_value=[object], source=unknown"}
{"logTime": "0930/102100", "level": "INFO", "message": "Preference changed: name=extensions.commands, new_value=[object], source=unknown"}
{"logTime": "0930/102100", "level": "INFO", "message": "Preference changed: name=extensions.settings, new_value=[object], source=unknown"}
{"logTime": "0930/102100", "level": "INFO", "message": "Preference changed: name=extensions.settings, new_value=[object], source=unknown"}
{"logTime": "0930/102100", "level": "INFO", "message": "Preference changed: name=extensions.settings, new_value=[object], source=unknown"}
{"logTime": "0930/102100", "level": "INFO", "message": "Preference changed: name=extensions.settings, new_value=[object], source=unknown"}
{"logTime": "0930/102100", "level": "INFO", "message": "Preference changed: name=extensions.settings, new_value=[object], source=unknown"}
{"logTime": "0930/102100", "level": "INFO", "message": "Preference changed: name=extensions.settings, new_value=[object], source=unknown"}
{"logTime": "0930/102100", "level": "INFO", "message": "Preference changed: name=extensions.settings, new_value=[object], source=unknown"}
{"logTime": "0930/102100", "level": "INFO", "message": "Preference changed: name=extensions.settings, new_value=[object], source=unknown"}
{"logTime": "0930/102100", "level": "INFO", "message": "Preference changed: name=extensions.settings, new_value=[object], source=unknown"}
{"logTime": "0930/102100", "level": "INFO", "message": "Preference changed: name=extensions.settings, new_value=[object], source=unknown"}
{"logTime": "0930/102100", "level": "INFO", "message": "Preference changed: name=extensions.settings, new_value=[object], source=unknown"}
{"logTime": "0930/102100", "level": "INFO", "message": "Preference changed: name=extensions.settings, new_value=[object], source=unknown"}
{"logTime": "0930/102101", "level": "INFO", "message": "Preference changed: name=ntp.record_user_choices, new_value=[object], source=unknown"}
{"logTime": "0930/102101", "level": "INFO", "message": "Preference changed: name=ntp.record_user_choices, new_value=[object], source=unknown"}
{"logTime": "0930/102101", "level": "INFO", "message": "Preference changed: name=ntp.record_user_choices, new_value=[object], source=unknown"}
{"logTime": "0930/102101", "level": "INFO", "message": "Preference changed: name=ntp.record_user_choices, new_value=[object], source=unknown"}
{"logTime": "0930/102101", "level": "INFO", "message": "Preference changed: name=personalization_data_consent.personalization_in_context_count, new_value=0, source=unknown"}
{"logTime": "0930/102101", "level": "INFO", "message": "Preference changed: name=personalization_data_consent.personalization_in_context_consent_can_prompt, new_value=true, source=unknown"}
{"logTime": "0930/102101", "level": "INFO", "message": "Preference changed: name=edge.workspaces.migration.last_state, new_value=2, source=unknown"}
{"logTime": "0930/102101", "level": "INFO", "message": "Preference changed: name=edge.workspaces.migration.stampede_time, new_value=\"13435240861179603\", source=unknown"}
{"logTime": "0930/102101", "level": "INFO", "message": "Preference changed: name=zerosuggest.cachedresults, new_value=\"[\\\"\\\",[\\\"目击者称空姐向乘客跪了三次\\\",\\\"7天免费试用被扣738元\\\",\\\"伊朗女歌手未戴头巾被判鞭刑\\\",\\\"邓亚萍曾收到死亡威胁\\\",\\\"康奈尔大学遭轮奸女生禁离校\\\",\\\"画师约稿被网络诈骗后坠亡\\\",\\\"宝妈遭育儿嫂贬低情绪崩溃\\\",\\\"速效救心丸金属瓶遭争议\\\"],[\\\"\\\",\\\"\\\",\\\"\\\",\\\"\\\",\\\"\\\",\\\"\\\",\\\"\\\",\\\"\\\"],[],{\\\"google:clientdata\\\":{\\\"bcp\\\":false,\\\"phi\\\":0,\\\"tlw\\\":false},\\\"google:suggestdetail\\\":[{\\\"q\\\":\\\"qs=PN\\\\u0026sc=8-0\\\"},{\\\"q\\\":\\\"qs=PN\\\\u0026sk=PN1\\\\u0026sc=8-0\\\"},{\\\"q\\\":\\\"qs=PN\\\\u0026sk=PN2\\\\u0026sc=8-0\\\"},{\\\"q\\\":\\\"qs=PN\\\\u0026sk=PN3\\\\u0026sc=8-0\\\"},{\\\"q\\\":\\\"qs=PN\\\\u0026sk=PN4\\\\u0026sc=8-0\\\"},{\\\"q\\\":\\\"qs=PN\\\\u0026sk=PN5\\\\u0026sc=8-0\\\"},{\\\"q\\\":\\\"qs=PN\\\\u0026sk=PN6\\\\u0026sc=8-0\\\"},{\\\"q\\\":\\\"qs=PN\\\\u0026sk=PN7\\\\u0026sc=8-0\\\"}],\\\"google:suggestrelevance\\\":[99,99,99,99,99,99,99,99],\\\"google:suggestsubtypes\\\":[[143],[143],[143],[143],[143],[143],[143],[143]],\\\"google:suggesttype\\\":[\\\"TRENDING_NOW\\\",\\\"TRENDING_NOW\\\",\\\"TRENDING_NOW\\\",\\\"TRENDING_NOW\\\",\\\"TRENDING_NOW\\\",\\\"TRENDING_NOW\\\",\\\"TRENDING_NOW\\\",\\\"TRENDING_NOW\\\"],\\\"google:verbatimrelevance\\\":799}]\", source=unknown"}
{"logTime": "0930/102101", "level": "INFO", "message": "Preference changed: name=ntp.selected_feed_pivot, new_value=\"myFeed\", source=unknown"}
{"logTime": "0930/102101", "level": "INFO", "message": "Preference changed: name=extensions.settings, new_value=[object], source=unknown"}
{"logTime": "0930/102101", "level": "INFO", "message": "Preference changed: name=edge_pinning_campaign.precomputed_campaign_data, new_value=[object], source=unknown"}
{"logTime": "0930/102101", "level": "INFO", "message": "Preference changed: name=extensions.settings, new_value=[object], source=unknown"}
{"logTime": "0930/102101", "level": "INFO", "message": "Preference changed: name=extensions.install_signature, new_value=[object], source=unknown"}
{"logTime": "0930/102102", "level": "INFO", "message": "Preference changed: name=profiles.last_swag_account_type, new_value=1, source=unknown"}
{"logTime": "0930/102102", "level": "INFO", "message": "Preference changed: name=aadc_info.age_group, new_value=3, source=unknown"}
{"logTime": "0930/102102", "level": "INFO", "message": "Preference changed: name=account_info, new_value=[object], source=unknown"}
{"logTime": "0930/102102", "level": "INFO", "message": "Preference changed: name=edge.account_type, new_value=1, source=unknown"}
{"logTime": "0930/102102", "level": "INFO", "message": "Preference changed: name=edge.services.account_id, new_value=\"ebdfee0ca6b6d637\", source=unknown"}
{"logTime": "0930/102102", "level": "INFO", "message": "Preference changed: name=google.services.consented_to_sync, new_value=true, source=unknown"}
{"logTime": "0930/102102", "level": "INFO", "message": "Preference changed: name=google.services.last_signed_in_username, new_value=\"1006372551@qq.com\", source=unknown"}
{"logTime": "0930/102102", "level": "INFO", "message": "Preference changed: name=edge.services.last_gaia_id, new_value=\"ebdfee0ca6b6d637\", source=unknown"}
{"logTime": "0930/102102", "level": "INFO", "message": "Preference changed: name=edge.services.last_username, new_value=\"1006372551@qq.com\", source=unknown"}
{"logTime": "0930/102102", "level": "INFO", "message": "Preference changed: name=edge.profile_matches_os_primary_account, new_value=false, source=unknown"}
{"logTime": "0930/102102", "level": "INFO", "message": "Preference changed: name=signin.signin_with_explicit_browser_signin_on, new_value=true, source=unknown"}
{"logTime": "0930/102102", "level": "INFO", "message": "Preference changed: name=signin.accounts_metadata_dict, new_value=[object], source=unknown"}
{"logTime": "0930/102102", "level": "INFO", "message": "Preference changed: name=safebrowsing.advanced_protection_last_refresh, new_value=\"13435237262060497\", source=unknown"}
{"logTime": "0930/102102", "level": "INFO", "message": "Preference changed: name=edge.merge_chats_status.status, new_value=0, source=unknown"}
{"logTime": "0930/102102", "level": "INFO", "message": "Preference changed: name=edge.merge_chats_status.primary_account_id, new_value=\"ebdfee0ca6b6d637\", source=unknown"}
{"logTime": "0930/102102", "level": "INFO", "message": "Preference changed: name=google.services.signin.LAST_SIGNIN_ACCESS_POINT.value, new_value=\"17\", source=unknown"}
{"logTime": "0930/102102", "level": "INFO", "message": "Preference changed: name=google.services.signin.LAST_SIGNIN_ACCESS_POINT.time, new_value=\"2026-09-30T10:21:02.070Z\", source=unknown"}
{"logTime": "0930/102102", "level": "INFO", "message": "Preference changed: name=sync.edge_account_type, new_value=1, source=unknown"}
{"logTime": "0930/102102", "level": "INFO", "message": "Preference changed: name=sync.transport_data_per_account, new_value=[object], source=unknown"}
{"logTime": "0930/102102", "level": "INFO", "message": "Preference changed: name=sync.transport_data_per_account, new_value=[object], source=unknown"}
{"logTime": "0930/102102", "level": "INFO", "message": "Preference changed: name=sync.gaia_id, new_value=\"ebdfee0ca6b6d637\", source=unknown"}
{"logTime": "0930/102102", "level": "INFO", "message": "Preference changed: name=edge.msa_sso_info.allow_for_non_msa_profile, new_value=false, source=unknown"}
{"logTime": "0930/102102", "level": "INFO", "message": "Preference changed: name=edge.profile_sso_info.msa_sso_algo_state, new_value=2, source=unknown"}
{"logTime": "0930/102102", "level": "INFO", "message": "Preference changed: name=edge.profile_sso_info.msa_sso_state_reached_by, new_value=3, source=unknown"}
{"logTime": "0930/102102", "level": "INFO", "message": "Preference changed: name=edge.workspaces.state, new_value=\"{\\\"edgeWorkspacePrefsVersion\\\":2,\\\"enableFluid\\\":true,\\\"failedRestartSpaceId\\\":\\\"\\\",\\\"failedToConnectToFluid\\\":false,\\\"fluidMigrationStatus\\\":false,\\\"fluidStatus\\\":0,\\\"fre_shown\\\":false,\\\"fromCache\\\":false,\\\"isFluidPreferencesConnected\\\":false,\\\"isSpaceOpening\\\":false,\\\"openingSpaceId\\\":\\\"\\\",\\\"statusForScreenReaders\\\":\\\"\\\",\\\"workspacePopupMode\\\":9,\\\"workspacesForExternalLinks\\\":[]}\", source=unknown"}
{"logTime": "0930/102102", "level": "INFO", "message": "Preference changed: name=visual_search.dma_state, new_value=1, source=unknown"}
{"logTime": "0930/102102", "level": "INFO", "message": "PrefStore write completed: store=4, success=true"}
{"logTime": "0930/102102", "level": "INFO", "message": "PrefStore write completed: store=4, success=true"}
{"logTime": "0930/102102", "level": "INFO", "message": "PrefStore write completed: store=4, success=true"}
{"logTime": "0930/102102", "level": "INFO", "message": "PrefStore write completed: store=4, success=true"}
{"logTime": "0930/102102", "level": "INFO", "message": "Preference changed: name=web_apps.last_preinstall_synchronize_version, new_value=\"154\", source=unknown"}
{"logTime": "0930/102102", "level": "INFO", "message": "Preference changed: name=web_apps.did_migrate_default_chrome_apps, new_value=[object], source=unknown"}
{"logTime": "0930/102102", "level": "INFO", "message": "Preference changed: name=web_apps.did_migrate_default_chrome_apps, new_value=[object], source=unknown"}
{"logTime": "0930/102102", "level": "INFO", "message": "Preference changed: name=aadc_info.age_group, new_value=0, source=unknown"}
{"logTime": "0930/102102", "level": "INFO", "message": "Preference changed: name=muid.values_seen, new_value=[object], source=unknown"}
{"logTime": "0930/102102", "level": "INFO", "message": "Preference changed: name=edge_rewards.hva_promotions, new_value=[object], source=unknown"}
{"logTime": "0930/102102", "level": "INFO", "message": "Preference changed: name=edge_rewards.promotions, new_value=[object], source=unknown"}
{"logTime": "0930/102102", "level": "INFO", "message": "Preference changed: name=edge_rewards.hva_promotions, new_value=[object], source=unknown"}
{"logTime": "0930/102102", "level": "INFO", "message": "Preference changed: name=edge_rewards.user_is_conscious, new_value=true, source=unknown"}
{"logTime": "0930/102102", "level": "INFO", "message": "Preference changed: name=edge_rewards.cache_data, new_value=\"CAEQ/jtKAmNu\", source=unknown"}
{"logTime": "0930/102102", "level": "INFO", "message": "Preference changed: name=edge_copilot.msa_eligibility_info, new_value=[object], source=unknown"}
{"logTime": "0930/102102", "level": "INFO", "message": "Preference changed: name=edge_rewards.referral_hash, new_value=\"71CC9130\", source=unknown"}
{"logTime": "0930/102102", "level": "INFO", "message": "Preference changed: name=profile.is_relative_to_aad, new_value=false, source=unknown"}
{"logTime": "0930/102103", "level": "INFO", "message": "Preference changed: name=ntp.user_nurturing, new_value=[object], source=unknown"}
{"logTime": "0930/102103", "level": "INFO", "message": "Preference changed: name=ntp.record_user_choices, new_value=[object], source=unknown"}
{"logTime": "0930/102103", "level": "INFO", "message": "Preference changed: name=ntp.user_nurturing, new_value=[object], source=unknown"}
{"logTime": "0930/102103", "level": "INFO", "message": "Preference changed: name=sync.cached_persistent_auth_error, new_value=false, source=unknown"}
{"logTime": "0930/102103", "level": "INFO", "message": "Preference changed: name=profile.content_settings.exceptions.client_hints, new_value=[object], source=unknown"}
{"logTime": "0930/102103", "level": "INFO", "message": "Preference changed: name=profile.exit_type, new_value=\"Crashed\", source=unknown"}
{"logTime": "0930/102103", "level": "INFO", "message": "Preference changed: name=profile.content_settings.exceptions.site_engagement, new_value=[object], source=unknown"}
{"logTime": "0930/102103", "level": "INFO", "message": "Preference changed: name=profile.last_engagement_time, new_value=\"13435237263581571\", source=unknown"}
{"logTime": "0930/102103", "level": "INFO", "message": "Preference changed: name=profile.content_settings.exceptions.tracking_org_relationships, new_value=[object], source=unknown"}
{"logTime": "0930/102103", "level": "INFO", "message": "Preference changed: name=collections.prism_collections.policy.cached, new_value=2, source=unknown"}
{"logTime": "0930/102103", "level": "INFO", "message": "Preference changed: name=collections.prism_collections.enabled, new_value=0, source=unknown"}
{"logTime": "0930/102103", "level": "INFO", "message": "Preference changed: name=edge_triggering.config_version, new_value=\"1.42.2\", source=unknown"}
{"logTime": "0930/102103", "level": "INFO", "message": "Preference changed: name=edge_cloud_messaging.cached_target_token.target_token, new_value=\"xNKvzuSV8cBS18fz4hcuEw==$MDOFADQd/Q7jRPtAP2nd7xW6iGgA7a2qg+oYEkWkQkgzxNYtUDV7Xy7dInQuCKgwVTAHDqgN3/WVvmJWKf0htyiD1bExO8ExOfIxYoYWukZWT6iQrVqRRZFobz4Zev14xxurRQwjuwRKWmAA2hUSmqFSTurHZ3/yKtjWNcRA10E=\", source=unknown"}
{"logTime": "0930/102103", "level": "INFO", "message": "Preference changed: name=edge_cloud_messaging.cached_target_token.cv, new_value=\"1157623047339903489\", source=unknown"}
{"logTime": "0930/102103", "level": "INFO", "message": "Preference changed: name=edge_cloud_messaging.cached_target_token.time, new_value=\"13435237263887498\", source=unknown"}
{"logTime": "0930/102103", "level": "INFO", "message": "Preference changed: name=pinned_sites.pin_metadata, new_value=[object], source=unknown"}
{"logTime": "0930/102103", "level": "INFO", "message": "Preference changed: name=optimization_guide.hintsfetcher.hosts_successfully_fetched, new_value=[object], source=unknown"}
{"logTime": "0930/102104", "level": "INFO", "message": "Preference changed: name=ntp.record_user_choices, new_value=[object], source=unknown"}
{"logTime": "0930/102104", "level": "INFO", "message": "Preference changed: name=ntp.record_user_choices, new_value=[object], source=unknown"}
{"logTime": "0930/102104", "level": "INFO", "message": "Preference changed: name=ntp.record_user_choices, new_value=[object], source=unknown"}
{"logTime": "0930/102104", "level": "INFO", "message": "Preference changed: name=safebrowsing.advanced_protection_last_refresh, new_value=\"13435237264097883\", source=unknown"}
{"logTime": "0930/102104", "level": "INFO", "message": "Preference changed: name=aadc_info.age_group, new_value=3, source=unknown"}
{"logTime": "0930/102104", "level": "INFO", "message": "Preference changed: name=account_info, new_value=[object], source=unknown"}
{"logTime": "0930/102104", "level": "INFO", "message": "Preference changed: name=sync.cached_passphrase_type, new_value=2, source=unknown"}
{"logTime": "0930/102104", "level": "INFO", "message": "Preference changed: name=sync.transport_data_per_account, new_value=[object], source=unknown"}
{"logTime": "0930/102104", "level": "INFO", "message": "Preference changed: name=sync.transport_data_per_account, new_value=[object], source=unknown"}
{"logTime": "0930/102104", "level": "INFO", "message": "Preference changed: name=sync.transport_data_per_account, new_value=[object], source=unknown"}
{"logTime": "0930/102104", "level": "INFO", "message": "Preference changed: name=sync.cached_trusted_vault_auto_upgrade_experiment_group, new_value=\"\", source=unknown"}
{"logTime": "0930/102104", "level": "INFO", "message": "Preference changed: name=sync.local_device_guids_with_timestamp, new_value=[object], source=unknown"}
{"logTime": "0930/102104", "level": "INFO", "message": "Preference changed: name=sync.local_device_guids_with_timestamp, new_value=[object], source=unknown"}
{"logTime": "0930/102104", "level": "INFO", "message": "Preference changed: name=extensions.settings, new_value=[object], source=unknown"}
{"logTime": "0930/102104", "level": "INFO", "message": "Preference changed: name=extensions.settings, new_value=[object], source=unknown"}
{"logTime": "0930/102104", "level": "INFO", "message": "Preference changed: name=extensions.settings, new_value=[object], source=unknown"}
{"logTime": "0930/102104", "level": "INFO", "message": "Preference changed: name=extensions.settings, new_value=[object], source=unknown"}
{"logTime": "0930/102104", "level": "INFO", "message": "Preference changed: name=extensions.settings, new_value=[object], source=unknown"}
{"logTime": "0930/102104", "level": "INFO", "message": "Preference changed: name=extensions.settings, new_value=[object], source=unknown"}
{"logTime": "0930/102104", "level": "INFO", "message": "Preference changed: name=extensions.settings, new_value=[object], source=unknown"}
{"logTime": "0930/102104", "level": "INFO", "message": "Preference changed: name=extensions.settings, new_value=[object], source=unknown"}
{"logTime": "0930/102104", "level": "INFO", "message": "Preference changed: name=extensions.settings, new_value=[object], source=unknown"}
{"logTime": "0930/102104", "level": "INFO", "message": "Preference changed: name=extensions.settings, new_value=[object], source=unknown"}
{"logTime": "0930/102104", "level": "INFO", "message": "Preference changed: name=extensions.settings, new_value=[object], source=unknown"}
{"logTime": "0930/102104", "level": "INFO", "message": "Preference changed: name=extensions.settings, new_value=[object], source=unknown"}
{"logTime": "0930/102104", "level": "INFO", "message": "Preference changed: name=extensions.settings, new_value=[object], source=unknown"}
{"logTime": "0930/102104", "level": "INFO", "message": "Preference changed: name=extensions.settings, new_value=[object], source=unknown"}
{"logTime": "0930/102104", "level": "INFO", "message": "Preference changed: name=extensions.settings, new_value=[object], source=unknown"}
{"logTime": "0930/102104", "level": "INFO", "message": "Preference changed: name=extensions.settings, new_value=[object], source=unknown"}
{"logTime": "0930/102104", "level": "INFO", "message": "Preference changed: name=extensions.settings, new_value=[object], source=unknown"}
{"logTime": "0930/102104", "level": "INFO", "message": "Preference changed: name=extensions.microsoft_install_signature, new_value=[object], source=unknown"}
{"logTime": "0930/102105", "level": "INFO", "message": "Preference changed: name=edge.account_type, new_value=0, source=unknown"}
{"logTime": "0930/102105", "level": "INFO", "message": "Preference changed: name=edge.profile_matches_os_primary_account, new_value=false, source=unknown"}
{"logTime": "0930/102105", "level": "INFO", "message": "Preference changed: name=edge.services.account_id, new_value=\"\", source=unknown"}
{"logTime": "0930/102105", "level": "INFO", "message": "Preference changed: name=google.services.consented_to_sync, new_value=false, source=unknown"}
{"logTime": "0930/102105", "level": "INFO", "message": "Preference changed: name=edge.services.signin_scoped_device_id, new_value=\"d529dccf-6bbe-464c-bb92-cf406069867d\", source=unknown"}
{"logTime": "0930/102105", "level": "INFO", "message": "Preference changed: name=account_info, new_value=[object], source=unknown"}
{"logTime": "0930/102105", "level": "INFO", "message": "Preference changed: name=profile.password_hash_data_list, new_value=[object], source=unknown"}
{"logTime": "0930/102105", "level": "INFO", "message": "Preference changed: name=sync.edge_account_type, new_value=0, source=unknown"}
{"logTime": "0930/102105", "level": "INFO", "message": "Preference changed: name=sync.gaia_id, new_value=\"\", source=unknown"}
{"logTime": "0930/102105", "level": "INFO", "message": "Preference changed: name=sync.cached_passphrase_type, new_value=0, source=unknown"}
{"logTime": "0930/102105", "level": "INFO", "message": "Preference changed: name=sync.cached_trusted_vault_auto_upgrade_experiment_group, new_value=\"\", source=unknown"}
{"logTime": "0930/102105", "level": "INFO", "message": "Preference changed: name=sync.cached_persistent_auth_error, new_value=false, source=unknown"}
{"logTime": "0930/102105", "level": "INFO", "message": "Preference changed: name=signin.signin_with_explicit_browser_signin_on, new_value=false, source=unknown"}
{"logTime": "0930/102105", "level": "INFO", "message": "Preference changed: name=signin.accounts_metadata_dict, new_value=[object], source=unknown"}
{"logTime": "0930/102105", "level": "INFO", "message": "Preference changed: name=edge_copilot.msa_eligibility_info, new_value=[object], source=unknown"}
{"logTime": "0930/102105", "level": "INFO", "message": "Preference changed: name=safebrowsing.advanced_protection_last_refresh, new_value=\"13435237265060672\", source=unknown"}
{"logTime": "0930/102105", "level": "INFO", "message": "Preference changed: name=edge.merge_chats_status.primary_account_id, new_value=\"\", source=unknown"}
{"logTime": "0930/102105", "level": "INFO", "message": "Preference changed: name=google.services.signin.LAST_SIGNIN_ACCESS_POINT.value, new_value=\"\", source=unknown"}
{"logTime": "0930/102105", "level": "INFO", "message": "Preference changed: name=google.services.signin.LAST_SIGNIN_ACCESS_POINT.time, new_value=\"\", source=unknown"}
{"logTime": "0930/102105", "level": "INFO", "message": "Preference changed: name=google.services.signin.LAST_SIGNOUT_SOURCE.value, new_value=\"3\", source=unknown"}
{"logTime": "0930/102105", "level": "INFO", "message": "Preference changed: name=google.services.signin.LAST_SIGNOUT_SOURCE.time, new_value=\"2026-09-30T10:21:05.061Z\", source=unknown"}
{"logTime": "0930/102105", "level": "INFO", "message": "Preference changed: name=url_keyed_anonymized_data_collection.enabled, new_value=false, source=unknown"}
{"logTime": "0930/102105", "level": "INFO", "message": "Preference changed: name=edge.mam.has_encountered_ca_block, new_value=false, source=unknown"}
{"logTime": "0930/102105", "level": "INFO", "message": "Preference changed: name=profile.using_default_avatar, new_value=false, source=unknown"}
{"logTime": "0930/102105", "level": "INFO", "message": "Preference changed: name=profile.using_gaia_avatar, new_value=false, source=unknown"}
{"logTime": "0930/102105", "level": "INFO", "message": "Preference changed: name=sync_profile_info.is_san_eligible_account, new_value=false, source=unknown"}
{"logTime": "0930/102105", "level": "INFO", "message": "Preference changed: name=profile.password_hash_data_list, new_value=[object], source=unknown"}
{"logTime": "0930/102105", "level": "INFO", "message": "Preference changed: name=edge.workspaces.storage.state, new_value=\"{\\\"app_folder_path\\\":\\\"\\\",\\\"container_id\\\":\\\"\\\",\\\"drive_id\\\":\\\"\\\",\\\"prefs_item_id\\\":\\\"\\\",\\\"storage_endpoint\\\":\\\"\\\",\\\"version\\\":3}\", source=unknown"}
{"logTime": "0930/102105", "level": "INFO", "message": "Preference changed: name=edge.workspaces.state, new_value=\"\", source=unknown"}
{"logTime": "0930/102105", "level": "INFO", "message": "Preference changed: name=edge.workspaces.storage.state, new_value=\"\", source=unknown"}
{"logTime": "0930/102105", "level": "INFO", "message": "Preference changed: name=edge_rewards.referral_hash, new_value=\"\", source=unknown"}
{"logTime": "0930/102105", "level": "INFO", "message": "Preference changed: name=edge_rewards.user_is_conscious, new_value=false, source=unknown"}
{"logTime": "0930/102105", "level": "INFO", "message": "Preference changed: name=edge_rewards.cache_data, new_value=\"CAA=\", source=unknown"}
{"logTime": "0930/102105", "level": "INFO", "message": "Preference changed: name=visual_search.dma_state, new_value=0, source=unknown"}
{"logTime": "0930/102105", "level": "INFO", "message": "Preference changed: name=collections.prism_collections.migration.completed, new_value=0, source=unknown"}
{"logTime": "0930/102105", "level": "INFO", "message": "Preference changed: name=collections.prism_collections.migration.possible, new_value=false, source=unknown"}
{"logTime": "0930/102105", "level": "INFO", "message": "Preference changed: name=collections.prism_collections.migration.item_count, new_value=-1, source=unknown"}
{"logTime": "0930/102105", "level": "INFO", "message": "Preference changed: name=collections.prism_collections.migration.ongoing, new_value=false, source=unknown"}
{"logTime": "0930/102105", "level": "INFO", "message": "Preference changed: name=collections.prism_collections.migration.last_attempt_timestamp, new_value=0.0, source=unknown"}
{"logTime": "0930/102105", "level": "INFO", "message": "Preference changed: name=collections.prism_collection.enroll.state, new_value=0, source=unknown"}
{"logTime": "0930/102105", "level": "INFO", "message": "Preference changed: name=collections.prism_collection.enroll.rule_version, new_value=1, source=unknown"}
{"logTime": "0930/102105", "level": "INFO", "message": "Preference changed: name=collections.prism_collections.migration.last_gaia_id, new_value=\"ebdfee0ca6b6d637\", source=unknown"}
{"logTime": "0930/102105", "level": "INFO", "message": "Preference changed: name=extensions.settings, new_value=[object], source=unknown"}
{"logTime": "0930/102105", "level": "INFO", "message": "Preference changed: name=extensions.settings, new_value=[object], source=unknown"}
{"logTime": "0930/102105", "level": "INFO", "message": "Preference changed: name=extensions.settings, new_value=[object], source=unknown"}
{"logTime": "0930/102105", "level": "INFO", "message": "Preference changed: name=extensions.settings, new_value=[object], source=unknown"}
{"logTime": "0930/102105", "level": "INFO", "message": "Preference changed: name=extensions.settings, new_value=[object], source=unknown"}
{"logTime": "0930/102105", "level": "INFO", "message": "Preference changed: name=extensions.settings, new_value=[object], source=unknown"}
{"logTime": "0930/102105", "level": "INFO", "message": "Preference changed: name=extensions.settings, new_value=[object], source=unknown"}
{"logTime": "0930/102105", "level": "INFO", "message": "Preference changed: name=extensions.settings, new_value=[object], source=unknown"}
{"logTime": "0930/102105", "level": "INFO", "message": "Preference changed: name=extensions.settings, new_value=[object], source=unknown"}
{"logTime": "0930/102105", "level": "INFO", "message": "Preference changed: name=extensions.settings, new_value=[object], source=unknown"}
{"logTime": "0930/102105", "level": "INFO", "message": "Preference changed: name=extensions.settings, new_value=[object], source=unknown"}
{"logTime": "0930/102105", "level": "INFO", "message": "Preference changed: name=extensions.settings, new_value=[object], source=unknown"}
{"logTime": "0930/102105", "level": "INFO", "message": "Preference changed: name=extensions.settings, new_value=[object], source=unknown"}
{"logTime": "0930/102105", "level": "INFO", "message": "Preference changed: name=profile.network_pbs, new_value=[object], source=unknown"}
{"logTime": "0930/102105", "level": "INFO", "message": "Preference changed: name=profile.network_pbs, new_value=[object], source=unknown"}
{"logTime": "0930/102106", "level": "INFO", "message": "Preference changed: name=profile.content_settings.exceptions.client_hints, new_value=[object], source=unknown"}
{"logTime": "0930/102106", "level": "INFO", "message": "Preference changed: name=profile.content_settings.exceptions.client_hints, new_value=[object], source=unknown"}
{"logTime": "0930/102106", "level": "INFO", "message": "Preference changed: name=extensions.install_signature, new_value=[object], source=unknown"}
{"logTime": "0930/102106", "level": "INFO", "message": "Preference changed: name=profile.content_settings.exceptions.site_engagement, new_value=[object], source=unknown"}
{"logTime": "0930/102106", "level": "INFO", "message": "Preference changed: name=profile.last_engagement_time, new_value=\"13435237266407094\", source=unknown"}
{"logTime": "0930/102106", "level": "INFO", "message": "Preference changed: name=ntp.record_user_choices, new_value=[object], source=unknown"}
{"logTime": "0930/102106", "level": "INFO", "message": "Preference changed: name=ntp.record_user_choices, new_value=[object], source=unknown"}
{"logTime": "0930/102106", "level": "INFO", "message": "Preference changed: name=ntp.record_user_choices, new_value=[object], source=unknown"}
{"logTime": "0930/102106", "level": "INFO", "message": "Preference changed: name=ntp.record_user_choices, new_value=[object], source=unknown"}
{"logTime": "0930/102107", "level": "INFO", "message": "Preference changed: name=ntp.record_user_choices, new_value=[object], source=unknown"}
{"logTime": "0930/102107", "level": "INFO", "message": "Preference changed: name=profile.content_settings.exceptions.client_hints, new_value=[object], source=unknown"}
{"logTime": "0930/102107", "level": "INFO", "message": "Preference changed: name=ntp.record_user_choices, new_value=[object], source=unknown"}
{"logTime": "0930/102107", "level": "INFO", "message": "Preference changed: name=profile.content_settings.exceptions.site_engagement, new_value=[object], source=unknown"}
{"logTime": "0930/102107", "level": "INFO", "message": "Preference changed: name=profile.last_engagement_time, new_value=\"13435237267385334\", source=unknown"}
{"logTime": "0930/102107", "level": "INFO", "message": "Preference changed: name=ntp.record_user_choices, new_value=[object], source=unknown"}
{"logTime": "0930/102107", "level": "INFO", "message": "Preference changed: name=ntp.record_user_choices, new_value=[object], source=unknown"}
{"logTime": "0930/102107", "level": "INFO", "message": "Preference changed: name=ntp.record_user_choices, new_value=[object], source=unknown"}
{"logTime": "0930/102107", "level": "INFO", "message": "Preference changed: name=browser.edge_sidebar_visibility, new_value=[object], source=unknown"}
{"logTime": "0930/102107", "level": "INFO", "message": "Preference changed: name=browser.edge_sidebar_visibility, new_value=[object], source=unknown"}
{"logTime": "0930/102108", "level": "INFO", "message": "Preference changed: name=profile.content_settings.exceptions.client_hints, new_value=[object], source=unknown"}
{"logTime": "0930/102108", "level": "INFO", "message": "Preference changed: name=ntp.record_user_choices, new_value=[object], source=unknown"}
{"logTime": "0930/102108", "level": "INFO", "message": "Preference changed: name=profile.content_settings.exceptions.site_engagement, new_value=[object], source=unknown"}
{"logTime": "0930/102108", "level": "INFO", "message": "Preference changed: name=profile.last_engagement_time, new_value=\"13435237268253560\", source=unknown"}
{"logTime": "0930/102108", "level": "INFO", "message": "Preference changed: name=user_edge_bias.signal_1, new_value=3, source=unknown"}
{"logTime": "0930/102108", "level": "INFO", "message": "Preference changed: name=sync_profile_info.edge_ci_consent_last_shown_date, new_value=\"13435237268312279\", source=unknown"}
{"logTime": "0930/102108", "level": "INFO", "message": "Preference changed: name=sync_profile_info.edge_ci_consent_last_modified_date, new_value=\"13435237268312313\", source=unknown"}
{"logTime": "0930/102108", "level": "INFO", "message": "Preference changed: name=sync_profile_info.edge_ci_is_option_explicitly_selectedby_user, new_value=false, source=unknown"}
{"logTime": "0930/102108", "level": "INFO", "message": "Preference changed: name=edge.bookmarks.last_dup_info_record_time, new_value=\"13435237268362718\", source=unknown"}
{"logTime": "0930/102108", "level": "INFO", "message": "Preference changed: name=ntp.record_user_choices, new_value=[object], source=unknown"}
{"logTime": "0930/102108", "level": "INFO", "message": "Preference changed: name=ntp.record_user_choices, new_value=[object], source=unknown"}
{"logTime": "0930/102108", "level": "INFO", "message": "Preference changed: name=ntp.record_user_choices, new_value=[object], source=unknown"}
{"logTime": "0930/102109", "level": "INFO", "message": "Preference changed: name=ntp.record_user_choices, new_value=[object], source=unknown"}
{"logTime": "0930/102109", "level": "INFO", "message": "Preference changed: name=ntp.background_image, new_value=[object], source=unknown"}
{"logTime": "0930/102111", "level": "INFO", "message": "Preference changed: name=personalization_data_consent.how_set, new_value=2, source=unknown"}
{"logTime": "0930/102111", "level": "INFO", "message": "Preference changed: name=personalization_data_consent.when_set, new_value=\"13435237271392196\", source=unknown"}
{"logTime": "0930/102111", "level": "INFO", "message": "Preference changed: name=user_experience_metrics.personalization_data_consent_enabled, new_value=false, source=unknown"}
{"logTime": "0930/102111", "level": "INFO", "message": "Preference changed: name=profile.edge_profile_id, new_value=\"60bd84dd-8ea5-40ba-bf24-3882d704dcd2\", source=unknown"}
{"logTime": "0930/102111", "level": "INFO", "message": "Preference changed: name=dp_info, new_value=[object], source=unknown"}
{"logTime": "0930/102111", "level": "INFO", "message": "Preference changed: name=personalization_data_consent.personalization_in_context_consent_can_prompt, new_value=false, source=unknown"}
{"logTime": "0930/102111", "level": "INFO", "message": "Preference changed: name=personalization_data_consent.personalization_in_context_has_prompted, new_value=false, source=unknown"}
{"logTime": "0930/102111", "level": "INFO", "message": "Preference changed: name=sync_profile_info.edge_san_consent_last_shown_date, new_value=\"13435237271409615\", source=unknown"}
{"logTime": "0930/102111", "level": "INFO", "message": "Preference changed: name=sync_profile_info.edge_san_consent_last_modified_date, new_value=\"13435237271409680\", source=unknown"}
{"logTime": "0930/102111", "level": "INFO", "message": "Preference changed: name=sync_profile_info.edge_san_is_option_explicitly_selectedby_user, new_value=false, source=unknown"}
{"logTime": "0930/102111", "level": "INFO", "message": "Preference changed: name=continuous_migration.equal_opt_out_users_data.detected, new_value=true, source=unknown"}
{"logTime": "0930/102111", "level": "INFO", "message": "Preference changed: name=continuous_migration.equal_opt_out_users_data, new_value=[object], source=unknown"}
{"logTime": "0930/102111", "level": "INFO", "message": "Preference changed: name=continuous_migration.advance_consent.consented, new_value=0, source=unknown"}
{"logTime": "0930/102111", "level": "INFO", "message": "Preference changed: name=continuous_migration.advance_consent.has_advance_consent, new_value=false, source=unknown"}
{"logTime": "0930/102111", "level": "INFO", "message": "Preference changed: name=continuous_migration.advance_consent.consented_profile, new_value=\"\", source=unknown"}
{"logTime": "0930/102111", "level": "INFO", "message": "Preference changed: name=continuous_migration.equal_opt_out_users_data, new_value=[object], source=unknown"}
{"logTime": "0930/102111", "level": "INFO", "message": "Preference changed: name=profile.content_settings.exceptions.media_engagement, new_value=[object], source=unknown"}
{"logTime": "0930/102111", "level": "INFO", "message": "Preference changed: name=profile.content_settings.exceptions.site_engagement, new_value=[object], source=unknown"}
{"logTime": "0930/102111", "level": "INFO", "message": "Preference changed: name=profile.last_engagement_time, new_value=\"13435237271588883\", source=unknown"}
{"logTime": "0930/102112", "level": "INFO", "message": "Preference changed: name=profile.content_settings.exceptions.client_hints, new_value=[object], source=unknown"}
{"logTime": "0930/102112", "level": "INFO", "message": "PrefStore write completed: store=4, success=true"}
{"logTime": "0930/102113", "level": "INFO", "message": "Preference changed: name=profile.content_settings.exceptions.site_engagement, new_value=[object], source=unknown"}
{"logTime": "0930/102113", "level": "INFO", "message": "Preference changed: name=profile.last_engagement_time, new_value=\"13435237273044642\", source=unknown"}
{"logTime": "0930/102113", "level": "INFO", "message": "Preference changed: name=toolbar_declutter.undo.last_time, new_value=\"13435237273097223\", source=unknown"}
{"logTime": "0930/102113", "level": "INFO", "message": "Preference changed: name=toolbar_declutter.new_user_cleanup_triggered, new_value=true, source=unknown"}
{"logTime": "0930/102113", "level": "INFO", "message": "Preference changed: name=safebrowsing.extension_telemetry_last_upload_time, new_value=\"13435237273344726\", source=unknown"}
{"logTime": "0930/102113", "level": "INFO", "message": "Preference changed: name=browser.window_placement, new_value=[object], source=unknown"}
{"logTime": "0930/102113", "level": "INFO", "message": "Preference changed: name=extensions.settings, new_value=[object], source=unknown"}
{"logTime": "0930/102114", "level": "INFO", "message": "PrefStore write completed: store=4, success=true"}
{"logTime": "0930/102116", "level": "INFO", "message": "Preference changed: name=profile.observed_session_time, new_value=[object], source=unknown"}
{"logTime": "0930/102123", "level": "INFO", "message": "PrefStore write completed: store=4, success=true"}
{"logTime": "0930/102124", "level": "INFO", "message": "Preference changed: name=arbitration_using_experiment_config, new_value=false, source=unknown"}
{"logTime": "0930/102126", "level": "INFO", "message": "Preference changed: name=browser.edge_sidebar_visibility, new_value=[object], source=unknown"}
{"logTime": "0930/102126", "level": "INFO", "message": "Preference changed: name=browser.edge_sidebar_visibility_debug, new_value=[object], source=unknown"}
{"logTime": "0930/102126", "level": "INFO", "message": "Preference changed: name=browser.edge_sidebar_visibility, new_value=[object], source=unknown"}
{"logTime": "0930/102126", "level": "INFO", "message": "Preference changed: name=extensions.settings, new_value=[object], source=unknown"}
{"logTime": "0930/102126", "level": "INFO", "message": "Preference changed: name=extensions.settings, new_value=[object], source=unknown"}
{"logTime": "0930/102126", "level": "INFO", "message": "Preference changed: name=extensions.settings, new_value=[object], source=unknown"}
{"logTime": "0930/102126", "level": "INFO", "message": "Preference changed: name=extensions.settings, new_value=[object], source=unknown"}
{"logTime": "0930/102126", "level": "INFO", "message": "Preference changed: name=extensions.settings, new_value=[object], source=unknown"}
{"logTime": "0930/102126", "level": "INFO", "message": "Preference changed: name=extensions.settings, new_value=[object], source=unknown"}
{"logTime": "0930/102126", "level": "INFO", "message": "Preference changed: name=extensions.settings, new_value=[object], source=unknown"}
{"logTime": "0930/102126", "level": "INFO", "message": "Preference changed: name=extensions.settings, new_value=[object], source=unknown"}
{"logTime": "0930/102126", "level": "INFO", "message": "Preference changed: name=extensions.settings, new_value=[object], source=unknown"}
{"logTime": "0930/102126", "level": "INFO", "message": "Preference changed: name=extensions.settings, new_value=[object], source=unknown"}
{"logTime": "0930/102126", "level": "INFO", "message": "Preference changed: name=extensions.settings, new_value=[object], source=unknown"}
{"logTime": "0930/102126", "level": "INFO", "message": "Preference changed: name=extensions.settings, new_value=[object], source=unknown"}
{"logTime": "0930/102126", "level": "INFO", "message": "Preference changed: name=extensions.settings, new_value=[object], source=unknown"}
{"logTime": "0930/102126", "level": "INFO", "message": "Preference changed: name=extensions.settings, new_value=[object], source=unknown"}
{"logTime": "0930/102126", "level": "INFO", "message": "Preference changed: name=extensions.settings, new_value=[object], source=unknown"}
{"logTime": "0930/102126", "level": "INFO", "message": "Preference changed: name=extensions.settings, new_value=[object], source=unknown"}
{"logTime": "0930/102126", "level": "INFO", "message": "Preference changed: name=extensions.settings, new_value=[object], source=unknown"}
{"logTime": "0930/102126", "level": "INFO", "message": "Preference changed: name=extensions.settings, new_value=[object], source=unknown"}
{"logTime": "0930/102126", "level": "INFO", "message": "Preference changed: name=extensions.settings, new_value=[object], source=unknown"}
{"logTime": "0930/102126", "level": "INFO", "message": "Preference changed: name=extensions.settings, new_value=[object], source=unknown"}
{"logTime": "0930/102126", "level": "INFO", "message": "Preference changed: name=extensions.settings, new_value=[object], source=unknown"}
{"logTime": "0930/102126", "level": "INFO", "message": "Preference changed: name=extensions.settings, new_value=[object], source=unknown"}
{"logTime": "0930/102126", "level": "INFO", "message": "Preference changed: name=extensions.settings, new_value=[object], source=unknown"}
{"logTime": "0930/102126", "level": "INFO", "message": "Preference changed: name=extensions.settings, new_value=[object], source=unknown"}
{"logTime": "0930/102126", "level": "INFO", "message": "Preference changed: name=extensions.settings, new_value=[object], source=unknown"}
{"logTime": "0930/102126", "level": "INFO", "message": "Preference changed: name=extensions.settings, new_value=[object], source=unknown"}
{"logTime": "0930/102126", "level": "INFO", "message": "Preference changed: name=extensions.settings, new_value=[object], source=unknown"}
{"logTime": "0930/102126", "level": "INFO", "message": "Preference changed: name=extensions.settings, new_value=[object], source=unknown"}
{"logTime": "0930/102126", "level": "INFO", "message": "Preference changed: name=extensions.settings, new_value=[object], source=unknown"}
{"logTime": "0930/102126", "level": "INFO", "message": "Preference changed: name=extensions.settings, new_value=[object], source=unknown"}
{"logTime": "0930/102126", "level": "INFO", "message": "Preference changed: name=extensions.settings, new_value=[object], source=unknown"}
{"logTime": "0930/102126", "level": "INFO", "message": "Preference changed: name=extensions.settings, new_value=[object], source=unknown"}
{"logTime": "0930/102126", "level": "INFO", "message": "Preference changed: name=extensions.settings, new_value=[object], source=unknown"}
{"logTime": "0930/102126", "level": "INFO", "message": "Preference changed: name=extensions.settings, new_value=[object], source=unknown"}
{"logTime": "0930/102126", "level": "INFO", "message": "Preference changed: name=extensions.settings, new_value=[object], source=unknown"}
{"logTime": "0930/102126", "level": "INFO", "message": "Preference changed: name=extensions.settings, new_value=[object], source=unknown"}
{"logTime": "0930/102126", "level": "INFO", "message": "Preference changed: name=extensions.settings, new_value=[object], source=unknown"}
{"logTime": "0930/102126", "level": "INFO", "message": "Preference changed: name=extensions.settings, new_value=[object], source=unknown"}
{"logTime": "0930/102126", "level": "INFO", "message": "Preference changed: name=extensions.settings, new_value=[object], source=unknown"}
{"logTime": "0930/102126", "level": "INFO", "message": "Preference changed: name=extensions.settings, new_value=[object], source=unknown"}
{"logTime": "0930/102126", "level": "INFO", "message": "Preference changed: name=extensions.settings, new_value=[object], source=unknown"}
{"logTime": "0930/102126", "level": "INFO", "message": "Preference changed: name=extensions.settings, new_value=[object], source=unknown"}
{"logTime": "0930/102126", "level": "INFO", "message": "Preference changed: name=extensions.settings, new_value=[object], source=unknown"}
{"logTime": "0930/102126", "level": "INFO", "message": "Preference changed: name=extensions.settings, new_value=[object], source=unknown"}
{"logTime": "0930/102126", "level": "INFO", "message": "Preference changed: name=extensions.settings, new_value=[object], source=unknown"}
{"logTime": "0930/102126", "level": "INFO", "message": "Preference changed: name=extensions.settings, new_value=[object], source=unknown"}
{"logTime": "0930/102126", "level": "INFO", "message": "Preference changed: name=extensions.settings, new_value=[object], source=unknown"}
{"logTime": "0930/102126", "level": "INFO", "message": "Preference changed: name=extensions.settings, new_value=[object], source=unknown"}
{"logTime": "0930/102126", "level": "INFO", "message": "Preference changed: name=extensions.settings, new_value=[object], source=unknown"}
{"logTime": "0930/102126", "level": "INFO", "message": "Preference changed: name=extensions.settings, new_value=[object], source=unknown"}
{"logTime": "0930/102126", "level": "INFO", "message": "Preference changed: name=extensions.settings, new_value=[object], source=unknown"}
{"logTime": "0930/102126", "level": "INFO", "message": "Preference changed: name=extensions.settings, new_value=[object], source=unknown"}
{"logTime": "0930/102126", "level": "INFO", "message": "Preference changed: name=extensions.settings, new_value=[object], source=unknown"}
{"logTime": "0930/102126", "level": "INFO", "message": "Preference changed: name=extensions.settings, new_value=[object], source=unknown"}
{"logTime": "0930/102126", "level": "INFO", "message": "Preference changed: name=extensions.settings, new_value=[object], source=unknown"}
{"logTime": "0930/102126", "level": "INFO", "message": "Preference changed: name=extensions.settings, new_value=[object], source=unknown"}
{"logTime": "0930/102126", "level": "INFO", "message": "Preference changed: name=extensions.settings, new_value=[object], source=unknown"}
{"logTime": "0930/102126", "level": "INFO", "message": "Preference changed: name=extensions.settings, new_value=[object], source=unknown"}
{"logTime": "0930/102126", "level": "INFO", "message": "Preference changed: name=extensions.settings, new_value=[object], source=unknown"}
{"logTime": "0930/102126", "level": "INFO", "message": "Preference changed: name=extensions.settings, new_value=[object], source=unknown"}
{"logTime": "0930/102126", "level": "INFO", "message": "Preference changed: name=extensions.settings, new_value=[object], source=unknown"}
{"logTime": "0930/102126", "level": "INFO", "message": "Preference changed: name=extensions.settings, new_value=[object], source=unknown"}
{"logTime": "0930/102126", "level": "INFO", "message": "Preference changed: name=extensions.settings, new_value=[object], source=unknown"}
{"logTime": "0930/102126", "level": "INFO", "message": "Preference changed: name=extensions.settings, new_value=[object], source=unknown"}
{"logTime": "0930/102126", "level": "INFO", "message": "Preference changed: name=extensions.settings, new_value=[object], source=unknown"}
{"logTime": "0930/102126", "level": "INFO", "message": "Preference changed: name=extensions.settings, new_value=[object], source=unknown"}
{"logTime": "0930/102126", "level": "INFO", "message": "Preference changed: name=extensions.settings, new_value=[object], source=unknown"}
{"logTime": "0930/102126", "level": "INFO", "message": "Preference changed: name=extensions.settings, new_value=[object], source=unknown"}
{"logTime": "0930/102126", "level": "INFO", "message": "Preference changed: name=extensions.settings, new_value=[object], source=unknown"}
{"logTime": "0930/102126", "level": "INFO", "message": "Preference changed: name=extensions.settings, new_value=[object], source=unknown"}
{"logTime": "0930/102126", "level": "INFO", "message": "Preference changed: name=extensions.settings, new_value=[object], source=unknown"}
{"logTime": "0930/102126", "level": "INFO", "message": "Preference changed: name=extensions.settings, new_value=[object], source=unknown"}
{"logTime": "0930/102126", "level": "INFO", "message": "Preference changed: name=extensions.settings, new_value=[object], source=unknown"}
{"logTime": "0930/102126", "level": "INFO", "message": "Preference changed: name=extensions.settings, new_value=[object], source=unknown"}
{"logTime": "0930/102126", "level": "INFO", "message": "Preference changed: name=extensions.settings, new_value=[object], source=unknown"}
{"logTime": "0930/102126", "level": "INFO", "message": "Preference changed: name=extensions.settings, new_value=[object], source=unknown"}
{"logTime": "0930/102126", "level": "INFO", "message": "Preference changed: name=extensions.settings, new_value=[object], source=unknown"}
{"logTime": "0930/102126", "level": "INFO", "message": "Preference changed: name=extensions.settings, new_value=[object], source=unknown"}
{"logTime": "0930/102126", "level": "INFO", "message": "Preference changed: name=extensions.settings, new_value=[object], source=unknown"}
{"logTime": "0930/102126", "level": "INFO", "message": "Preference changed: name=extensions.settings, new_value=[object], source=unknown"}
{"logTime": "0930/102126", "level": "INFO", "message": "Preference changed: name=extensions.settings, new_value=[object], source=unknown"}
{"logTime": "0930/102126", "level": "INFO", "message": "Preference changed: name=extensions.settings, new_value=[object], source=unknown"}
{"logTime": "0930/102126", "level": "INFO", "message": "Preference changed: name=extensions.settings, new_value=[object], source=unknown"}
{"logTime": "0930/102126", "level": "INFO", "message": "Preference changed: name=extensions.settings, new_value=[object], source=unknown"}
{"logTime": "0930/102126", "level": "INFO", "message": "Preference changed: name=extensions.settings, new_value=[object], source=unknown"}
{"logTime": "0930/102126", "level": "INFO", "message": "Preference changed: name=extensions.settings, new_value=[object], source=unknown"}
{"logTime": "0930/102126", "level": "INFO", "message": "Preference changed: name=extensions.settings, new_value=[object], source=unknown"}
{"logTime": "0930/102126", "level": "INFO", "message": "Preference changed: name=extensions.settings, new_value=[object], source=unknown"}
{"logTime": "0930/102126", "level": "INFO", "message": "Preference changed: name=extensions.settings, new_value=[object], source=unknown"}
{"logTime": "0930/102126", "level": "INFO", "message": "Preference changed: name=extensions.settings, new_value=[object], source=unknown"}
{"logTime": "0930/102126", "level": "INFO", "message": "Preference changed: name=extensions.settings, new_value=[object], source=unknown"}
{"logTime": "0930/102126", "level": "INFO", "message": "Preference changed: name=extensions.settings, new_value=[object], source=unknown"}
{"logTime": "0930/102126", "level": "INFO", "message": "Preference changed: name=extensions.settings, new_value=[object], source=unknown"}
{"logTime": "0930/102126", "level": "INFO", "message": "Preference changed: name=extensions.settings, new_value=[object], source=unknown"}
{"logTime": "0930/102126", "level": "INFO", "message": "Preference changed: name=extensions.settings, new_value=[object], source=unknown"}
{"logTime": "0930/102126", "level": "INFO", "message": "Preference changed: name=extensions.settings, new_value=[object], source=unknown"}
{"logTime": "0930/102126", "level": "INFO", "message": "Preference changed: name=extensions.settings, new_value=[object], source=unknown"}
{"logTime": "0930/102126", "level": "INFO", "message": "Preference changed: name=extensions.settings, new_value=[object], source=unknown"}
{"logTime": "0930/102126", "level": "INFO", "message": "Preference changed: name=extensions.settings, new_value=[object], source=unknown"}
{"logTime": "0930/102126", "level": "INFO", "message": "Preference changed: name=extensions.settings, new_value=[object], source=unknown"}
{"logTime": "0930/102126", "level": "INFO", "message": "Preference changed: name=browser.show_hub_app_in_sidebar_buttons, new_value=[object], source=unknown"}
{"logTime": "0930/102126", "level": "INFO", "message": "Preference changed: name=browser.edge_sidebar_visibility_debug, new_value=[object], source=unknown"}
{"logTime": "0930/102126", "level": "INFO", "message": "Preference changed: name=browser.hub_app_non_synced_preferences, new_value=[object], source=unknown"}
{"logTime": "0930/102126", "level": "INFO", "message": "Preference changed: name=browser.hub_app_non_synced_preferences, new_value=[object], source=unknown"}
{"logTime": "0930/102126", "level": "INFO", "message": "Preference changed: name=browser.hub_app_non_synced_preferences, new_value=[object], source=unknown"}
{"logTime": "0930/102126", "level": "INFO", "message": "Preference changed: name=browser.hub_app_non_synced_preferences, new_value=[object], source=unknown"}
{"logTime": "0930/102126", "level": "INFO", "message": "Preference changed: name=browser.hub_app_non_synced_preferences, new_value=[object], source=unknown"}
{"logTime": "0930/102126", "level": "INFO", "message": "Preference changed: name=browser.hub_app_non_synced_preferences, new_value=[object], source=unknown"}
{"logTime": "0930/102126", "level": "INFO", "message": "Preference changed: name=browser.hub_app_non_synced_preferences, new_value=[object], source=unknown"}
{"logTime": "0930/102126", "level": "INFO", "message": "Preference changed: name=browser.hub_app_non_synced_preferences, new_value=[object], source=unknown"}
{"logTime": "0930/102126", "level": "INFO", "message": "Preference changed: name=browser.hub_app_non_synced_preferences, new_value=[object], source=unknown"}
{"logTime": "0930/102126", "level": "INFO", "message": "Preference changed: name=browser.hub_app_non_synced_preferences, new_value=[object], source=unknown"}
{"logTime": "0930/102126", "level": "INFO", "message": "Preference changed: name=browser.hub_app_non_synced_preferences, new_value=[object], source=unknown"}
{"logTime": "0930/102126", "level": "INFO", "message": "Preference changed: name=browser.hub_app_non_synced_preferences, new_value=[object], source=unknown"}
{"logTime": "0930/102126", "level": "INFO", "message": "Preference changed: name=browser.hub_app_non_synced_preferences, new_value=[object], source=unknown"}
{"logTime": "0930/102126", "level": "INFO", "message": "Preference changed: name=browser.hub_app_non_synced_preferences, new_value=[object], source=unknown"}
{"logTime": "0930/102126", "level": "INFO", "message": "Preference changed: name=browser.hub_app_non_synced_preferences, new_value=[object], source=unknown"}
{"logTime": "0930/102126", "level": "INFO", "message": "Preference changed: name=browser.hub_app_non_synced_preferences, new_value=[object], source=unknown"}
{"logTime": "0930/102126", "level": "INFO", "message": "Preference changed: name=browser.hub_app_non_synced_preferences, new_value=[object], source=unknown"}
{"logTime": "0930/102126", "level": "INFO", "message": "Preference changed: name=browser.hub_app_non_synced_preferences, new_value=[object], source=unknown"}
{"logTime": "0930/102126", "level": "INFO", "message": "Preference changed: name=browser.hub_app_non_synced_preferences, new_value=[object], source=unknown"}
{"logTime": "0930/102126", "level": "INFO", "message": "Preference changed: name=browser.hub_cleanup_candidate_list_for_debug, new_value=[object], source=unknown"}
{"logTime": "0930/102126", "level": "INFO", "message": "Preference changed: name=browser.hub_cleanup_context_v2, new_value=[object], source=unknown"}
{"logTime": "0930/102126", "level": "INFO", "message": "Preference changed: name=browser.hub_cleanup_candidate_list_for_debug, new_value=[object], source=unknown"}
{"logTime": "0930/102126", "level": "INFO", "message": "Preference changed: name=browser.hub_cleanup_context_v2, new_value=[object], source=unknown"}
{"logTime": "0930/102127", "level": "INFO", "message": "Preference changed: name=edge_wallet.passwords.password_lost_report_date, new_value=\"13435237287868926\", source=unknown"}
{"logTime": "0930/102127", "level": "INFO", "message": "Preference changed: name=profile.last_time_password_store_metrics_reported, new_value=1790763687.869488, source=unknown"}
{"logTime": "0930/102127", "level": "INFO", "message": "Preference changed: name=total_passwords_available_for_account, new_value=0, source=unknown"}
{"logTime": "0930/102127", "level": "INFO", "message": "Preference changed: name=total_passwords_available_for_profile, new_value=0, source=unknown"}
{"logTime": "0930/102127", "level": "INFO", "message": "Preference changed: name=profile.content_settings.exceptions.media_engagement, new_value=[object], source=unknown"}
{"logTime": "0930/102127", "level": "INFO", "message": "Preference changed: name=profile.content_settings.exceptions.site_engagement, new_value=[object], source=unknown"}
{"logTime": "0930/102127", "level": "INFO", "message": "Preference changed: name=profile.last_engagement_time, new_value=\"13435237287909103\", source=unknown"}
{"logTime": "0930/102128", "level": "INFO", "message": "Preference changed: name=sync.device_statistics_timestamp, new_value=\"13435237288107833\", source=unknown"}
{"logTime": "0930/102129", "level": "INFO", "message": "Preference changed: name=language_dwell_time_average, new_value=[object], source=unknown"}
{"logTime": "0930/102129", "level": "INFO", "message": "Preference changed: name=language_usage_count, new_value=[object], source=unknown"}
{"logTime": "0930/102129", "level": "INFO", "message": "Preference changed: name=language_model_counters, new_value=[object], source=unknown"}
{"logTime": "0930/102129", "level": "INFO", "message": "Preference changed: name=https_upgrade_navigations, new_value=[object], source=unknown"}
{"logTime": "0930/102130", "level": "INFO", "message": "Preference changed: name=profile.content_settings.exceptions.media_engagement, new_value=[object], source=unknown"}
{"logTime": "0930/102130", "level": "INFO", "message": "Preference changed: name=language_model_counters, new_value=[object], source=unknown"}
{"logTime": "0930/102131", "level": "INFO", "message": "Preference changed: name=arbitration_last_notification_shown, new_value=\"13435237291231379\", source=unknown"}
{"logTime": "0930/102131", "level": "INFO", "message": "Preference changed: name=browser.window_placement, new_value=[object], source=unknown"}
{"logTime": "0930/102134", "level": "INFO", "message": "PrefStore write completed: store=4, success=true"}
{"logTime": "0930/102136", "level": "INFO", "message": "PrefStore write completed: store=4, success=true"}
{"logTime": "0930/102140", "level": "INFO", "message": "Preference changed: name=profile.content_settings.exceptions.site_engagement, new_value=[object], source=unknown"}
{"logTime": "0930/102140", "level": "INFO", "message": "Preference changed: name=profile.last_engagement_time, new_value=\"13435237300320478\", source=unknown"}
{"logTime": "0930/102148", "level": "INFO", "message": "Preference changed: name=browser.window_placement, new_value=[object], source=unknown"}
{"logTime": "0930/102149", "level": "INFO", "message": "Preference changed: name=profile.content_settings.exceptions.loopback_network, new_value=[object], source=unknown"}
{"logTime": "0930/102149", "level": "INFO", "message": "Preference changed: name=profile.content_settings.permission_actions, new_value=[object], source=unknown"}
{"logTime": "0930/102157", "level": "INFO", "message": "Preference changed: name=profile.last_time_obsolete_http_credentials_removed, new_value=1790763717.870639, source=unknown"}
{"logTime": "0930/102157", "level": "INFO", "message": "Preference changed: name=profile.were_old_google_logins_removed, new_value=true, source=unknown"}
{"logTime": "0930/102157", "level": "INFO", "message": "Preference changed: name=password_manager.account_store_migrated_to_os_crypt_async, new_value=true, source=unknown"}
{"logTime": "0930/102157", "level": "INFO", "message": "Preference changed: name=password_manager.account_store_backup_password_cleaning_last_timestamp, new_value=\"13435237317870931\", source=unknown"}
{"logTime": "0930/102157", "level": "INFO", "message": "Preference changed: name=profile.last_time_obsolete_http_credentials_removed, new_value=1790763717.871012, source=unknown"}
{"logTime": "0930/102157", "level": "INFO", "message": "Preference changed: name=password_manager.profile_store_migrated_to_os_crypt_async, new_value=true, source=unknown"}
{"logTime": "0930/102157", "level": "INFO", "message": "Preference changed: name=password_manager.profile_store_backup_password_cleaning_last_timestamp, new_value=\"13435237317871227\", source=unknown"}
{"logTime": "0930/102158", "level": "INFO", "message": "Preference changed: name=profile.content_settings.exceptions.site_engagement, new_value=[object], source=unknown"}
{"logTime": "0930/102158", "level": "INFO", "message": "Preference changed: name=profile.last_engagement_time, new_value=\"13435237318075230\", source=unknown"}
{"logTime": "0930/102158", "level": "INFO", "message": "Preference changed: name=local_browser_data_share.pin_recommendations_eligible, new_value=false, source=unknown"}
{"logTime": "0930/102158", "level": "INFO", "message": "Preference changed: name=local_browser_data_share.index_last_cleaned_time, new_value=\"13435237318324219\", source=unknown"}
{"logTime": "0930/102158", "level": "INFO", "message": "PrefStore write completed: store=4, success=true"}
{"logTime": "0930/102200", "level": "INFO", "message": "Preference changed: name=dual_engine.sitelist_has_consumer_data, new_value=true, source=unknown"}
{"logTime": "0930/102200", "level": "INFO", "message": "Preference changed: name=dual_engine.consumer_sitelist_version, new_value=\"76\", source=unknown"}
{"logTime": "0930/102200", "level": "INFO", "message": "Preference changed: name=dual_engine.consumer_site_list_with_ie_entries, new_value=true, source=unknown"}
{"logTime": "0930/102200", "level": "INFO", "message": "Preference changed: name=dual_engine.consumer_sitelist_location, new_value=\"https://go.microsoft.com/fwlink/?linkid=2171760&bucket=6\", source=unknown"}
{"logTime": "0930/102200", "level": "INFO", "message": "Preference changed: name=dual_engine.consumer_sitelist_failed_download_url, new_value=\"\", source=unknown"}
{"logTime": "0930/102202", "level": "INFO", "message": "Preference changed: name=autofill.upload_encoding_seed, new_value=\"3158C2969EA4A1FD506FBC63BBD6EB12\", source=unknown"}
{"logTime": "0930/102204", "level": "INFO", "message": "Preference changed: name=profile.content_settings.exceptions.media_engagement, new_value=[object], source=unknown"}
{"logTime": "0930/102204", "level": "INFO", "message": "Preference changed: name=language_dwell_time_average, new_value=[object], source=unknown"}
{"logTime": "0930/102204", "level": "INFO", "message": "Preference changed: name=language_usage_count, new_value=[object], source=unknown"}
{"logTime": "0930/102204", "level": "INFO", "message": "Preference changed: name=language_model_counters, new_value=[object], source=unknown"}
{"logTime": "0930/102210", "level": "INFO", "message": "PrefStore write completed: store=4, success=true"}
{"logTime": "0930/102213", "level": "INFO", "message": "Preference changed: name=in_product_help.session_last_active_time, new_value=\"13435237324121586\", source=unknown"}
{"logTime": "0930/102228", "level": "INFO", "message": "Preference changed: name=in_product_help.session_last_active_time, new_value=\"13435237348129274\", source=unknown"}
{"logTime": "0930/102235", "level": "INFO", "message": "Preference changed: name=sessions.event_log, new_value=[object], source=unknown"}
{"logTime": "0930/102235", "level": "INFO", "message": "Preference changed: name=profile.exit_type, new_value=\"Normal\", source=unknown"}
{"logTime": "0930/102235", "level": "INFO", "message": "Preference changed: name=profile.edge_crash_exit_count, new_value=0, source=unknown"}
{"logTime": "0930/102235", "level": "INFO", "message": "Preference changed: name=profile.forced_shutdown_restart_apps, new_value=false, source=unknown"}
{"logTime": "0930/102235", "level": "INFO", "message": "Preference changed: name=language_dwell_time_average, new_value=[object], source=unknown"}
{"logTime": "0930/102235", "level": "INFO", "message": "Preference changed: name=language_usage_count, new_value=[object], source=unknown"}
{"logTime": "0930/102235", "level": "INFO", "message": "Preference changed: name=profile.content_settings.exceptions.media_engagement, new_value=[object], source=unknown"}
{"logTime": "0930/102235", "level": "INFO", "message": "Preference changed: name=browser.time_of_last_normal_window_close, new_value=\"13435237355600068\", source=unknown"}
{"logTime": "0930/102235", "level": "INFO", "message": "Preference changed: name=profile.observed_session_time, new_value=[object], source=unknown"}
{"logTime": "0930/102235", "level": "INFO", "message": "Preference changed: name=sessions.session_data_status, new_value=2, source=unknown"}
{"logTime": "0930/102235", "level": "INFO", "message": "Preference changed: name=sessions.session_data_status, new_value=3, source=unknown"}
{"logTime": "0930/102235", "level": "INFO", "message": "Preference changed: name=tab_groups, new_value=[object], source=unknown"}
{"logTime": "0930/102235", "level": "INFO", "message": "Preference changed: name=browser.window_placement, new_value=[object], source=unknown"}
{"logTime": "0930/102235", "level": "INFO", "message": "Preference changed: name=browser.window_placement, new_value=[object], source=unknown"}
{"logTime": "0930/102235", "level": "INFO", "message": "Preference changed: name=browser.window_placement, new_value=[object], source=unknown"}
{"logTime": "0930/102235", "level": "INFO", "message": "Preference changed: name=edge.workspaces.state, new_value=\"{\\\"edgeWorkspacePrefsVersion\\\":2,\\\"enableFluid\\\":true,\\\"failedRestartSpaceId\\\":\\\"\\\",\\\"failedToConnectToFluid\\\":false,\\\"fluidMigrationStatus\\\":false,\\\"fluidStatus\\\":0,\\\"fre_shown\\\":false,\\\"fromCache\\\":false,\\\"isFluidPreferencesConnected\\\":false,\\\"isSpaceOpening\\\":false,\\\"openingSpaceId\\\":\\\"\\\",\\\"statusForScreenReaders\\\":\\\"\\\",\\\"workspacePopupMode\\\":0,\\\"workspacesForExternalLinks\\\":[]}\", source=unknown"}
{"logTime": "0930/102314", "level": "INFO", "message": "UserPrefStore loaded: error=NONE (0)"}
{"logTime": "0930/102314", "level": "INFO", "message": "Preference changed: name=optimization_guide.previously_registered_optimization_types, new_value=[object], source=unknown"}
{"logTime": "0930/102314", "level": "INFO", "message": "Preference changed: name=extensions.chrome_url_overrides, new_value=[object], source=unknown"}
{"logTime": "0930/102314", "level": "INFO", "message": "Preference changed: name=sessions.session_data_status, new_value=1, source=unknown"}
{"logTime": "0930/102314", "level": "INFO", "message": "Preference changed: name=sessions.event_log, new_value=[object], source=unknown"}
{"logTime": "0930/102314", "level": "INFO", "message": "Preference changed: name=optimization_guide.previously_registered_optimization_types, new_value=[object], source=unknown"}
{"logTime": "0930/102314", "level": "INFO", "message": "Preference changed: name=optimization_guide.previously_registered_optimization_types, new_value=[object], source=unknown"}
{"logTime": "0930/102314", "level": "INFO", "message": "Preference changed: name=optimization_guide.previously_registered_optimization_types, new_value=[object], source=unknown"}
{"logTime": "0930/102314", "level": "INFO", "message": "Preference changed: name=browser.edge_sidebar_visibility, new_value=[object], source=unknown"}
{"logTime": "0930/102314", "level": "INFO", "message": "Preference changed: name=browser.edge_sidebar_visibility, new_value=[object], source=unknown"}
{"logTime": "0930/102314", "level": "INFO", "message": "Preference changed: name=optimization_guide.previously_registered_optimization_types, new_value=[object], source=unknown"}
{"logTime": "0930/102314", "level": "INFO", "message": "Preference changed: name=optimization_guide.previously_registered_optimization_types, new_value=[object], source=unknown"}
{"logTime": "0930/102314", "level": "INFO", "message": "Preference changed: name=edge_pinning_campaign.precomputed_campaign_data, new_value=[object], source=unknown"}
{"logTime": "0930/102314", "level": "INFO", "message": "Preference changed: name=edge_ux_config.assignmentcontext, new_value=\"\", source=unknown"}
{"logTime": "0930/102314", "level": "INFO", "message": "Preference changed: name=edge_ux_config.dataversion, new_value=\"0\", source=unknown"}
{"logTime": "0930/102314", "level": "INFO", "message": "Preference changed: name=edge_ux_config.experimentvariables, new_value=[object], source=unknown"}
{"logTime": "0930/102314", "level": "INFO", "message": "Preference changed: name=browser.user_level_features_context, new_value=[object], source=unknown"}
{"logTime": "0930/102314", "level": "INFO", "message": "Preference changed: name=edge_ux_config.flights, new_value=[object], source=unknown"}
{"logTime": "0930/102314", "level": "INFO", "message": "Preference changed: name=profile.network_pbs, new_value=[object], source=unknown"}
{"logTime": "0930/102314", "level": "INFO", "message": "Preference changed: name=extension.installed_extension_count, new_value=4, source=unknown"}
{"logTime": "0930/102314", "level": "INFO", "message": "Preference changed: name=extensions.settings, new_value=[object], source=unknown"}
{"logTime": "0930/102314", "level": "INFO", "message": "Preference changed: name=extensions.commands, new_value=[object], source=unknown"}
{"logTime": "0930/102314", "level": "INFO", "message": "Preference changed: name=extensions.settings, new_value=[object], source=unknown"}
{"logTime": "0930/102314", "level": "INFO", "message": "Preference changed: name=extensions.microsoft_install_signature, new_value=[object], source=unknown"}
{"logTime": "0930/102314", "level": "INFO", "message": "Preference changed: name=extensions.commands, new_value=[object], source=unknown"}
{"logTime": "0930/102314", "level": "INFO", "message": "Preference changed: name=extensions.settings, new_value=[object], source=unknown"}
{"logTime": "0930/102314", "level": "INFO", "message": "Preference changed: name=extensions.settings, new_value=[object], source=unknown"}
{"logTime": "0930/102314", "level": "INFO", "message": "Preference changed: name=extensions.commands, new_value=[object], source=unknown"}
{"logTime": "0930/102314", "level": "INFO", "message": "Preference changed: name=extensions.settings, new_value=[object], source=unknown"}
{"logTime": "0930/102314", "level": "INFO", "message": "Preference changed: name=profile.password_hash_data_list, new_value=[object], source=unknown"}
{"logTime": "0930/102314", "level": "INFO", "message": "Preference changed: name=edge_rewards.coachmark_promotions, new_value=[object], source=unknown"}
{"logTime": "0930/102314", "level": "INFO", "message": "Preference changed: name=edge_rewards.hva_promotions, new_value=[object], source=unknown"}
{"logTime": "0930/102314", "level": "INFO", "message": "Preference changed: name=browser.show_toolbar_workspaces_button, new_value=false, source=unknown"}
{"logTime": "0930/102314", "level": "INFO", "message": "Preference changed: name=in_product_help.session_last_active_time, new_value=\"13435237394304443\", source=unknown"}
{"logTime": "0930/102314", "level": "INFO", "message": "Preference changed: name=ntp.dhp_last_creation_time, new_value=\"13435237394322462\", source=unknown"}
{"logTime": "0930/102314", "level": "INFO", "message": "Preference changed: name=optimization_guide.previously_registered_optimization_types, new_value=[object], source=unknown"}
{"logTime": "0930/102314", "level": "INFO", "message": "Preference changed: name=profile.content_settings.exceptions.storage_access_header_origin_trial, new_value=[object], source=unknown"}
{"logTime": "0930/102314", "level": "INFO", "message": "Preference changed: name=browser.window_placement, new_value=[object], source=unknown"}
{"logTime": "0930/102314", "level": "INFO", "message": "Preference changed: name=schedule_to_flush_to_disk, new_value=\"13435237394496437\", source=unknown"}
{"logTime": "0930/102314", "level": "INFO", "message": "Preference changed: name=schedule_to_flush_to_disk, new_value=\"13435237394501743\", source=unknown"}
{"logTime": "0930/102314", "level": "INFO", "message": "Preference changed: name=edge.services.signin_scoped_device_id, new_value=\"8a851347-a925-49dd-b7d9-0af300518034\", source=unknown"}
{"logTime": "0930/102314", "level": "INFO", "message": "Preference changed: name=optimization_guide.previously_registered_optimization_types, new_value=[object], source=unknown"}
{"logTime": "0930/102314", "level": "INFO", "message": "Preference changed: name=extensions.chrome_url_overrides, new_value=[object], source=unknown"}
{"logTime": "0930/102314", "level": "INFO", "message": "Preference changed: name=browser.edge_sidebar_visibility_debug, new_value=[object], source=unknown"}
{"logTime": "0930/102314", "level": "INFO", "message": "Preference changed: name=browser.hub_app_non_synced_preferences, new_value=[object], source=unknown"}
{"logTime": "0930/102314", "level": "INFO", "message": "Preference changed: name=browser.hub_app_non_synced_preferences, new_value=[object], source=unknown"}
{"logTime": "0930/102314", "level": "INFO", "message": "Preference changed: name=browser.hub_app_non_synced_preferences, new_value=[object], source=unknown"}
{"logTime": "0930/102314", "level": "INFO", "message": "Preference changed: name=browser.hub_app_non_synced_preferences, new_value=[object], source=unknown"}
{"logTime": "0930/102314", "level": "INFO", "message": "Preference changed: name=browser.hub_app_non_synced_preferences, new_value=[object], source=unknown"}
{"logTime": "0930/102314", "level": "INFO", "message": "Preference changed: name=browser.hub_app_non_synced_preferences, new_value=[object], source=unknown"}
{"logTime": "0930/102314", "level": "INFO", "message": "Preference changed: name=browser.hub_app_non_synced_preferences, new_value=[object], source=unknown"}
{"logTime": "0930/102314", "level": "INFO", "message": "Preference changed: name=browser.hub_app_non_synced_preferences, new_value=[object], source=unknown"}
{"logTime": "0930/102314", "level": "INFO", "message": "Preference changed: name=browser.hub_app_non_synced_preferences, new_value=[object], source=unknown"}
{"logTime": "0930/102314", "level": "INFO", "message": "Preference changed: name=browser.hub_app_non_synced_preferences, new_value=[object], source=unknown"}
{"logTime": "0930/102314", "level": "INFO", "message": "Preference changed: name=browser.hub_app_non_synced_preferences, new_value=[object], source=unknown"}
{"logTime": "0930/102314", "level": "INFO", "message": "Preference changed: name=browser.hub_app_non_synced_preferences, new_value=[object], source=unknown"}
{"logTime": "0930/102314", "level": "INFO", "message": "Preference changed: name=browser.hub_app_non_synced_preferences, new_value=[object], source=unknown"}
{"logTime": "0930/102314", "level": "INFO", "message": "Preference changed: name=browser.hub_app_non_synced_preferences, new_value=[object], source=unknown"}
{"logTime": "0930/102314", "level": "INFO", "message": "Preference changed: name=browser.hub_app_non_synced_preferences, new_value=[object], source=unknown"}
{"logTime": "0930/102314", "level": "INFO", "message": "Preference changed: name=browser.hub_app_non_synced_preferences, new_value=[object], source=unknown"}
{"logTime": "0930/102314", "level": "INFO", "message": "Preference changed: name=browser.hub_app_non_synced_preferences, new_value=[object], source=unknown"}
{"logTime": "0930/102314", "level": "INFO", "message": "Preference changed: name=browser.hub_app_non_synced_preferences, new_value=[object], source=unknown"}
{"logTime": "0930/102314", "level": "INFO", "message": "Preference changed: name=browser.hub_app_non_synced_preferences, new_value=[object], source=unknown"}
{"logTime": "0930/102314", "level": "INFO", "message": "Preference changed: name=browser.hub_cleanup_candidate_list_for_debug, new_value=[object], source=unknown"}
{"logTime": "0930/102314", "level": "INFO", "message": "Preference changed: name=extensions.settings, new_value=[object], source=unknown"}
{"logTime": "0930/102314", "level": "INFO", "message": "Preference changed: name=extensions.settings, new_value=[object], source=unknown"}
{"logTime": "0930/102314", "level": "INFO", "message": "Preference changed: name=extensions.settings, new_value=[object], source=unknown"}
{"logTime": "0930/102314", "level": "INFO", "message": "Preference changed: name=extensions.settings, new_value=[object], source=unknown"}
{"logTime": "0930/102314", "level": "INFO", "message": "Preference changed: name=extensions.settings, new_value=[object], source=unknown"}
{"logTime": "0930/102314", "level": "INFO", "message": "Preference changed: name=extensions.settings, new_value=[object], source=unknown"}
{"logTime": "0930/102314", "level": "INFO", "message": "Preference changed: name=extensions.settings, new_value=[object], source=unknown"}
{"logTime": "0930/102314", "level": "INFO", "message": "Preference changed: name=extensions.settings, new_value=[object], source=unknown"}
{"logTime": "0930/102314", "level": "INFO", "message": "Preference changed: name=extensions.settings, new_value=[object], source=unknown"}
{"logTime": "0930/102314", "level": "INFO", "message": "Preference changed: name=extensions.settings, new_value=[object], source=unknown"}
{"logTime": "0930/102314", "level": "INFO", "message": "Preference changed: name=profile.content_settings.exceptions.client_hints, new_value=[object], source=unknown"}
{"logTime": "0930/102314", "level": "INFO", "message": "Preference changed: name=profile.content_settings.exceptions.site_engagement, new_value=[object], source=unknown"}
{"logTime": "0930/102314", "level": "INFO", "message": "Preference changed: name=profile.last_engagement_time, new_value=\"13435237394796657\", source=unknown"}
{"logTime": "0930/102315", "level": "INFO", "message": "Preference changed: name=ntp.record_user_choices, new_value=[object], source=unknown"}
{"logTime": "0930/102315", "level": "INFO", "message": "Preference changed: name=ntp.record_user_choices, new_value=[object], source=unknown"}
{"logTime": "0930/102315", "level": "INFO", "message": "Preference changed: name=ntp.record_user_choices, new_value=[object], source=unknown"}
{"logTime": "0930/102315", "level": "INFO", "message": "Preference changed: name=ntp.record_user_choices, new_value=[object], source=unknown"}
{"logTime": "0930/102316", "level": "INFO", "message": "Preference changed: name=profile.content_settings.exceptions.client_hints, new_value=[object], source=unknown"}
{"logTime": "0930/102316", "level": "INFO", "message": "Preference changed: name=profile.exit_type, new_value=\"Crashed\", source=unknown"}
{"logTime": "0930/102316", "level": "INFO", "message": "Preference changed: name=profile.content_settings.exceptions.site_engagement, new_value=[object], source=unknown"}
{"logTime": "0930/102316", "level": "INFO", "message": "Preference changed: name=profile.last_engagement_time, new_value=\"13435237396102565\", source=unknown"}
{"logTime": "0930/102316", "level": "INFO", "message": "Preference changed: name=ntp.record_user_choices, new_value=[object], source=unknown"}
{"logTime": "0930/102316", "level": "INFO", "message": "Preference changed: name=ntp.record_user_choices, new_value=[object], source=unknown"}
{"logTime": "0930/102316", "level": "INFO", "message": "Preference changed: name=ntp.record_user_choices, new_value=[object], source=unknown"}
{"logTime": "0930/102317", "level": "INFO", "message": "Preference changed: name=muid.values_seen, new_value=[object], source=unknown"}
{"logTime": "0930/102318", "level": "INFO", "message": "Preference changed: name=ntp.record_user_choices, new_value=[object], source=unknown"}
{"logTime": "0930/102318", "level": "INFO", "message": "Preference changed: name=ntp.background_image, new_value=[object], source=unknown"}
{"logTime": "0930/102318", "level": "INFO", "message": "Preference changed: name=ntp.record_user_choices, new_value=[object], source=unknown"}
{"logTime": "0930/102318", "level": "INFO", "message": "Preference changed: name=ntp.feed_engagement_time, new_value=\"11646264355233000\", source=unknown"}
{"logTime": "0930/102318", "level": "INFO", "message": "Preference changed: name=ntp.user_nurturing, new_value=[object], source=unknown"}
{"logTime": "0930/102318", "level": "INFO", "message": "Preference changed: name=ntp.user_nurturing, new_value=[object], source=unknown"}
{"logTime": "0930/102320", "level": "INFO", "message": "Preference changed: name=profile.content_settings.exceptions.media_engagement, new_value=[object], source=unknown"}
{"logTime": "0930/102320", "level": "INFO", "message": "Preference changed: name=profile.content_settings.exceptions.site_engagement, new_value=[object], source=unknown"}
{"logTime": "0930/102320", "level": "INFO", "message": "Preference changed: name=profile.last_engagement_time, new_value=\"13435237400053457\", source=unknown"}
{"logTime": "0930/102320", "level": "INFO", "message": "Preference changed: name=language_model_counters, new_value=[object], source=unknown"}
{"logTime": "0930/102324", "level": "INFO", "message": "PrefStore write completed: store=4, success=true"}
{"logTime": "0930/102324", "level": "INFO", "message": "PrefStore write completed: store=4, success=true"}
{"logTime": "0930/102324", "level": "INFO", "message": "Preference changed: name=browser.edge_sidebar_visibility, new_value=[object], source=unknown"}
{"logTime": "0930/102324", "level": "INFO", "message": "Preference changed: name=browser.edge_sidebar_visibility, new_value=[object], source=unknown"}
{"logTime": "0930/102324", "level": "INFO", "message": "Preference changed: name=browser.edge_sidebar_visibility_debug, new_value=[object], source=unknown"}
{"logTime": "0930/102324", "level": "INFO", "message": "Preference changed: name=edge_pinning_campaign.precomputed_campaign_data, new_value=[object], source=unknown"}
{"logTime": "0930/102324", "level": "INFO", "message": "Preference changed: name=web_apps.did_migrate_default_chrome_apps, new_value=[object], source=unknown"}
{"logTime": "0930/102324", "level": "INFO", "message": "Preference changed: name=web_apps.did_migrate_default_chrome_apps, new_value=[object], source=unknown"}
{"logTime": "0930/102325", "level": "INFO", "message": "Preference changed: name=aadc_info.age_group, new_value=0, source=unknown"}
{"logTime": "0930/102325", "level": "INFO", "message": "Preference changed: name=pinned_sites.pin_metadata, new_value=[object], source=unknown"}
{"logTime": "0930/102326", "level": "INFO", "message": "Preference changed: name=profile.exit_type, new_value=\"Normal\", source=unknown"}
{"logTime": "0930/102326", "level": "INFO", "message": "Preference changed: name=sessions.event_log, new_value=[object], source=unknown"}
{"logTime": "0930/102326", "level": "INFO", "message": "Preference changed: name=session.edge_previous_session_tab_count, new_value=1, source=unknown"}
{"logTime": "0930/102326", "level": "INFO", "message": "Preference changed: name=session.edge_previous_session_duration_mins, new_value=\"0\", source=unknown"}
{"logTime": "0930/102326", "level": "INFO", "message": "Preference changed: name=sessions.session_data_status, new_value=5, source=unknown"}
{"logTime": "0930/102326", "level": "INFO", "message": "Preference changed: name=browser.window_placement, new_value=[object], source=unknown"}
{"logTime": "0930/102326", "level": "INFO", "message": "Preference changed: name=browser.time_of_last_normal_window_close, new_value=\"13435237406856737\", source=unknown"}
{"logTime": "0930/102326", "level": "INFO", "message": "Preference changed: name=language_dwell_time_average, new_value=[object], source=unknown"}
{"logTime": "0930/102326", "level": "INFO", "message": "Preference changed: name=language_usage_count, new_value=[object], source=unknown"}
{"logTime": "0930/102326", "level": "INFO", "message": "Preference changed: name=profile.content_settings.exceptions.media_engagement, new_value=[object], source=unknown"}
{"logTime": "0930/102326", "level": "INFO", "message": "Preference changed: name=browser.time_of_last_normal_window_close, new_value=\"13435237406877710\", source=unknown"}
{"logTime": "0930/102326", "level": "INFO", "message": "Preference changed: name=profile.observed_session_time, new_value=[object], source=unknown"}
{"logTime": "0930/102326", "level": "INFO", "message": "Preference changed: name=browser.window_placement, new_value=[object], source=unknown"}
{"logTime": "0930/102326", "level": "INFO", "message": "Preference changed: name=browser.window_placement, new_value=[object], source=unknown"}
{"logTime": "0930/104144", "level": "INFO", "message": "UserPrefStore loaded: error=NONE (0)"}
{"logTime": "0930/104144", "level": "INFO", "message": "Preference changed: name=optimization_guide.previously_registered_optimization_types, new_value=[object], source=unknown"}
{"logTime": "0930/104144", "level": "INFO", "message": "Preference changed: name=extensions.chrome_url_overrides, new_value=[object], source=unknown"}
{"logTime": "0930/104144", "level": "INFO", "message": "Preference changed: name=sessions.session_data_status, new_value=1, source=unknown"}
{"logTime": "0930/104144", "level": "INFO", "message": "Preference changed: name=sessions.event_log, new_value=[object], source=unknown"}
{"logTime": "0930/104144", "level": "INFO", "message": "Preference changed: name=optimization_guide.previously_registered_optimization_types, new_value=[object], source=unknown"}
{"logTime": "0930/104144", "level": "INFO", "message": "Preference changed: name=optimization_guide.previously_registered_optimization_types, new_value=[object], source=unknown"}
{"logTime": "0930/104144", "level": "INFO", "message": "Preference changed: name=optimization_guide.previously_registered_optimization_types, new_value=[object], source=unknown"}
{"logTime": "0930/104144", "level": "INFO", "message": "Preference changed: name=browser.edge_sidebar_visibility, new_value=[object], source=unknown"}
{"logTime": "0930/104144", "level": "INFO", "message": "Preference changed: name=browser.edge_sidebar_visibility, new_value=[object], source=unknown"}
{"logTime": "0930/104144", "level": "INFO", "message": "Preference changed: name=optimization_guide.previously_registered_optimization_types, new_value=[object], source=unknown"}
{"logTime": "0930/104144", "level": "INFO", "message": "Preference changed: name=optimization_guide.previously_registered_optimization_types, new_value=[object], source=unknown"}
{"logTime": "0930/104144", "level": "INFO", "message": "Preference changed: name=edge_pinning_campaign.precomputed_campaign_data, new_value=[object], source=unknown"}
{"logTime": "0930/104144", "level": "INFO", "message": "Preference changed: name=profile.network_pbs, new_value=[object], source=unknown"}
{"logTime": "0930/104144", "level": "INFO", "message": "Preference changed: name=extension.installed_extension_count, new_value=3, source=unknown"}
{"logTime": "0930/104144", "level": "INFO", "message": "Preference changed: name=profile.password_hash_data_list, new_value=[object], source=unknown"}
{"logTime": "0930/104144", "level": "INFO", "message": "Preference changed: name=edge_rewards.coachmark_promotions, new_value=[object], source=unknown"}
{"logTime": "0930/104144", "level": "INFO", "message": "Preference changed: name=edge_rewards.hva_promotions, new_value=[object], source=unknown"}
{"logTime": "0930/104144", "level": "INFO", "message": "Preference changed: name=browser.show_toolbar_workspaces_button, new_value=false, source=unknown"}
{"logTime": "0930/104144", "level": "INFO", "message": "Preference changed: name=in_product_help.session_last_active_time, new_value=\"13435238504246695\", source=unknown"}
{"logTime": "0930/104144", "level": "INFO", "message": "Preference changed: name=ntp.dhp_last_creation_time, new_value=\"13435238504270084\", source=unknown"}
{"logTime": "0930/104144", "level": "INFO", "message": "Preference changed: name=optimization_guide.previously_registered_optimization_types, new_value=[object], source=unknown"}
{"logTime": "0930/104144", "level": "INFO", "message": "Preference changed: name=profile.content_settings.exceptions.storage_access_header_origin_trial, new_value=[object], source=unknown"}
{"logTime": "0930/104144", "level": "INFO", "message": "Preference changed: name=browser.window_placement, new_value=[object], source=unknown"}
{"logTime": "0930/104144", "level": "INFO", "message": "Preference changed: name=schedule_to_flush_to_disk, new_value=\"13435238504463404\", source=unknown"}
{"logTime": "0930/104144", "level": "INFO", "message": "Preference changed: name=schedule_to_flush_to_disk, new_value=\"13435238504469710\", source=unknown"}
{"logTime": "0930/104144", "level": "INFO", "message": "Preference changed: name=edge.services.signin_scoped_device_id, new_value=\"b7299e62-0ea6-44ef-bdae-a727e7b0c375\", source=unknown"}
{"logTime": "0930/104144", "level": "INFO", "message": "Preference changed: name=optimization_guide.previously_registered_optimization_types, new_value=[object], source=unknown"}
{"logTime": "0930/104144", "level": "INFO", "message": "Preference changed: name=extensions.chrome_url_overrides, new_value=[object], source=unknown"}
{"logTime": "0930/104144", "level": "INFO", "message": "Preference changed: name=browser.edge_sidebar_visibility_debug, new_value=[object], source=unknown"}
{"logTime": "0930/104144", "level": "INFO", "message": "Preference changed: name=extensions.settings, new_value=[object], source=unknown"}
{"logTime": "0930/104144", "level": "INFO", "message": "Preference changed: name=extensions.settings, new_value=[object], source=unknown"}
{"logTime": "0930/104144", "level": "INFO", "message": "Preference changed: name=extensions.settings, new_value=[object], source=unknown"}
{"logTime": "0930/104144", "level": "INFO", "message": "Preference changed: name=extensions.settings, new_value=[object], source=unknown"}
{"logTime": "0930/104144", "level": "INFO", "message": "Preference changed: name=extensions.settings, new_value=[object], source=unknown"}
{"logTime": "0930/104144", "level": "INFO", "message": "Preference changed: name=extensions.settings, new_value=[object], source=unknown"}
{"logTime": "0930/104144", "level": "INFO", "message": "Preference changed: name=extensions.settings, new_value=[object], source=unknown"}
{"logTime": "0930/104144", "level": "INFO", "message": "Preference changed: name=extensions.settings, new_value=[object], source=unknown"}
{"logTime": "0930/104144", "level": "INFO", "message": "Preference changed: name=extensions.settings, new_value=[object], source=unknown"}
{"logTime": "0930/104144", "level": "INFO", "message": "Preference changed: name=extensions.settings, new_value=[object], source=unknown"}
{"logTime": "0930/104144", "level": "INFO", "message": "Preference changed: name=browser.hub_app_non_synced_preferences, new_value=[object], source=unknown"}
{"logTime": "0930/104144", "level": "INFO", "message": "Preference changed: name=browser.hub_app_non_synced_preferences, new_value=[object], source=unknown"}
{"logTime": "0930/104144", "level": "INFO", "message": "Preference changed: name=browser.hub_app_non_synced_preferences, new_value=[object], source=unknown"}
{"logTime": "0930/104144", "level": "INFO", "message": "Preference changed: name=browser.hub_app_non_synced_preferences, new_value=[object], source=unknown"}
{"logTime": "0930/104144", "level": "INFO", "message": "Preference changed: name=browser.hub_app_non_synced_preferences, new_value=[object], source=unknown"}
{"logTime": "0930/104144", "level": "INFO", "message": "Preference changed: name=browser.hub_app_non_synced_preferences, new_value=[object], source=unknown"}
{"logTime": "0930/104144", "level": "INFO", "message": "Preference changed: name=browser.hub_app_non_synced_preferences, new_value=[object], source=unknown"}
{"logTime": "0930/104144", "level": "INFO", "message": "Preference changed: name=browser.hub_app_non_synced_preferences, new_value=[object], source=unknown"}
{"logTime": "0930/104144", "level": "INFO", "message": "Preference changed: name=browser.hub_app_non_synced_preferences, new_value=[object], source=unknown"}
{"logTime": "0930/104144", "level": "INFO", "message": "Preference changed: name=browser.hub_app_non_synced_preferences, new_value=[object], source=unknown"}
{"logTime": "0930/104144", "level": "INFO", "message": "Preference changed: name=browser.hub_app_non_synced_preferences, new_value=[object], source=unknown"}
{"logTime": "0930/104144", "level": "INFO", "message": "Preference changed: name=browser.hub_app_non_synced_preferences, new_value=[object], source=unknown"}
{"logTime": "0930/104144", "level": "INFO", "message": "Preference changed: name=browser.hub_app_non_synced_preferences, new_value=[object], source=unknown"}
{"logTime": "0930/104144", "level": "INFO", "message": "Preference changed: name=browser.hub_app_non_synced_preferences, new_value=[object], source=unknown"}
{"logTime": "0930/104144", "level": "INFO", "message": "Preference changed: name=browser.hub_app_non_synced_preferences, new_value=[object], source=unknown"}
{"logTime": "0930/104144", "level": "INFO", "message": "Preference changed: name=browser.hub_app_non_synced_preferences, new_value=[object], source=unknown"}
{"logTime": "0930/104144", "level": "INFO", "message": "Preference changed: name=browser.hub_app_non_synced_preferences, new_value=[object], source=unknown"}
{"logTime": "0930/104144", "level": "INFO", "message": "Preference changed: name=browser.hub_app_non_synced_preferences, new_value=[object], source=unknown"}
{"logTime": "0930/104144", "level": "INFO", "message": "Preference changed: name=browser.hub_app_non_synced_preferences, new_value=[object], source=unknown"}
{"logTime": "0930/104144", "level": "INFO", "message": "Preference changed: name=browser.hub_cleanup_candidate_list_for_debug, new_value=[object], source=unknown"}
{"logTime": "0930/104144", "level": "INFO", "message": "Preference changed: name=extensions.settings, new_value=[object], source=unknown"}
{"logTime": "0930/104144", "level": "INFO", "message": "Preference changed: name=extensions.settings, new_value=[object], source=unknown"}
{"logTime": "0930/104144", "level": "INFO", "message": "Preference changed: name=extensions.settings, new_value=[object], source=unknown"}
{"logTime": "0930/104144", "level": "INFO", "message": "Preference changed: name=extensions.settings, new_value=[object], source=unknown"}
{"logTime": "0930/104144", "level": "INFO", "message": "Preference changed: name=extensions.settings, new_value=[object], source=unknown"}
{"logTime": "0930/104144", "level": "INFO", "message": "Preference changed: name=extensions.settings, new_value=[object], source=unknown"}
{"logTime": "0930/104144", "level": "INFO", "message": "Preference changed: name=extensions.settings, new_value=[object], source=unknown"}
{"logTime": "0930/104144", "level": "INFO", "message": "Preference changed: name=extensions.settings, new_value=[object], source=unknown"}
{"logTime": "0930/104144", "level": "INFO", "message": "Preference changed: name=extensions.settings, new_value=[object], source=unknown"}
{"logTime": "0930/104144", "level": "INFO", "message": "Preference changed: name=extensions.settings, new_value=[object], source=unknown"}
{"logTime": "0930/104144", "level": "INFO", "message": "Preference changed: name=profile.content_settings.exceptions.client_hints, new_value=[object], source=unknown"}
{"logTime": "0930/104144", "level": "INFO", "message": "Preference changed: name=profile.content_settings.exceptions.site_engagement, new_value=[object], source=unknown"}
{"logTime": "0930/104144", "level": "INFO", "message": "Preference changed: name=profile.last_engagement_time, new_value=\"13435238504827517\", source=unknown"}
{"logTime": "0930/104145", "level": "INFO", "message": "Preference changed: name=ntp.record_user_choices, new_value=[object], source=unknown"}
{"logTime": "0930/104145", "level": "INFO", "message": "Preference changed: name=ntp.record_user_choices, new_value=[object], source=unknown"}
{"logTime": "0930/104145", "level": "INFO", "message": "Preference changed: name=ntp.record_user_choices, new_value=[object], source=unknown"}
{"logTime": "0930/104146", "level": "INFO", "message": "Preference changed: name=profile.content_settings.exceptions.client_hints, new_value=[object], source=unknown"}
{"logTime": "0930/104146", "level": "INFO", "message": "Preference changed: name=profile.exit_type, new_value=\"Crashed\", source=unknown"}
{"logTime": "0930/104146", "level": "INFO", "message": "Preference changed: name=profile.content_settings.exceptions.site_engagement, new_value=[object], source=unknown"}
{"logTime": "0930/104146", "level": "INFO", "message": "Preference changed: name=profile.last_engagement_time, new_value=\"13435238506572463\", source=unknown"}
{"logTime": "0930/104146", "level": "INFO", "message": "Preference changed: name=ntp.record_user_choices, new_value=[object], source=unknown"}
{"logTime": "0930/104146", "level": "INFO", "message": "Preference changed: name=ntp.record_user_choices, new_value=[object], source=unknown"}
{"logTime": "0930/104146", "level": "INFO", "message": "Preference changed: name=ntp.record_user_choices, new_value=[object], source=unknown"}
{"logTime": "0930/104148", "level": "INFO", "message": "Preference changed: name=ntp.record_user_choices, new_value=[object], source=unknown"}
{"logTime": "0930/104148", "level": "INFO", "message": "Preference changed: name=ntp.record_user_choices, new_value=[object], source=unknown"}
{"logTime": "0930/104148", "level": "INFO", "message": "Preference changed: name=profile.content_settings.exceptions.media_engagement, new_value=[object], source=unknown"}
{"logTime": "0930/104148", "level": "INFO", "message": "Preference changed: name=profile.content_settings.exceptions.site_engagement, new_value=[object], source=unknown"}
{"logTime": "0930/104148", "level": "INFO", "message": "Preference changed: name=profile.last_engagement_time, new_value=\"13435238508779065\", source=unknown"}
{"logTime": "0930/104149", "level": "INFO", "message": "Preference changed: name=language_model_counters, new_value=[object], source=unknown"}
{"logTime": "0930/104153", "level": "INFO", "message": "Preference changed: name=browser.edge_sidebar_visibility_debug, new_value=[object], source=unknown"}
{"logTime": "0930/104153", "level": "INFO", "message": "Preference changed: name=edge_pinning_campaign.precomputed_campaign_data, new_value=[object], source=unknown"}
{"logTime": "0930/104153", "level": "INFO", "message": "Preference changed: name=web_apps.did_migrate_default_chrome_apps, new_value=[object], source=unknown"}
{"logTime": "0930/104153", "level": "INFO", "message": "Preference changed: name=web_apps.did_migrate_default_chrome_apps, new_value=[object], source=unknown"}
{"logTime": "0930/104154", "level": "INFO", "message": "PrefStore write completed: store=4, success=true"}
{"logTime": "0930/104154", "level": "INFO", "message": "PrefStore write completed: store=4, success=true"}
{"logTime": "0930/104154", "level": "INFO", "message": "Preference changed: name=browser.edge_sidebar_visibility, new_value=[object], source=unknown"}
{"logTime": "0930/104154", "level": "INFO", "message": "Preference changed: name=browser.edge_sidebar_visibility, new_value=[object], source=unknown"}
{"logTime": "0930/104154", "level": "INFO", "message": "Preference changed: name=pinned_sites.pin_metadata, new_value=[object], source=unknown"}
{"logTime": "0930/104159", "level": "INFO", "message": "Preference changed: name=in_product_help.session_last_active_time, new_value=\"13435238497254182\", source=unknown"}
{"logTime": "0930/104204", "level": "INFO", "message": "PrefStore write completed: store=4, success=true"}
{"logTime": "0930/104210", "level": "INFO", "message": "Preference changed: name=profile.exit_type, new_value=\"Normal\", source=unknown"}
{"logTime": "0930/104210", "level": "INFO", "message": "Preference changed: name=sessions.event_log, new_value=[object], source=unknown"}
{"logTime": "0930/104210", "level": "INFO", "message": "Preference changed: name=sessions.session_data_status, new_value=5, source=unknown"}
{"logTime": "0930/104210", "level": "INFO", "message": "Preference changed: name=browser.window_placement, new_value=[object], source=unknown"}
{"logTime": "0930/104210", "level": "INFO", "message": "Preference changed: name=browser.time_of_last_normal_window_close, new_value=\"13435238530323901\", source=unknown"}
{"logTime": "0930/104210", "level": "INFO", "message": "Preference changed: name=language_dwell_time_average, new_value=[object], source=unknown"}
{"logTime": "0930/104210", "level": "INFO", "message": "Preference changed: name=language_usage_count, new_value=[object], source=unknown"}
{"logTime": "0930/104210", "level": "INFO", "message": "Preference changed: name=profile.content_settings.exceptions.media_engagement, new_value=[object], source=unknown"}
{"logTime": "0930/104210", "level": "INFO", "message": "Preference changed: name=browser.time_of_last_normal_window_close, new_value=\"13435238530350880\", source=unknown"}
{"logTime": "0930/104210", "level": "INFO", "message": "Preference changed: name=profile.observed_session_time, new_value=[object], source=unknown"}
{"logTime": "0930/104210", "level": "INFO", "message": "Preference changed: name=browser.window_placement, new_value=[object], source=unknown"}
{"logTime": "0930/104210", "level": "INFO", "message": "Preference changed: name=browser.window_placement, new_value=[object], source=unknown"}
